row_id,platform,data_type,game,source,content_type,author,timestamp,text,theme,polarity_seed,score,num_comments,url,sentiment_score,sentiment_label
100000,YouTube,real,Marvel Rivals,Marvel Rivals - Official Jubilee Character & Gameplay Reveal Trailer,comment,@CutesyCatfish,2026-07-09T12:00:00,I can't wait to lower my particle settings to be able to see,,,121,0,https://www.youtube.com/watch?v=Z1_k2WmCOdA,0.333,positive
100001,YouTube,real,Marvel Rivals,Marvel Rivals - Official Jubilee Character & Gameplay Reveal Trailer,comment,@onlymc4727,2026-07-09T12:00:00,With her & Gambit could literally make a team full of X-Men,,,96,11,https://www.youtube.com/watch?v=Z1_k2WmCOdA,0.0,neutral
100002,YouTube,real,Marvel Rivals,Marvel Rivals - Official Jubilee Character & Gameplay Reveal Trailer,comment,@Clifton7191,2026-07-09T12:00:00,Ghost Rider better be added in this game soon,,,42,0,https://www.youtube.com/watch?v=Z1_k2WmCOdA,0.0,neutral
100003,YouTube,real,Marvel Rivals,Marvel Rivals - Official Jubilee Character & Gameplay Reveal Trailer,comment,@ThepursuitofHappiness-fb8iy,2026-07-09T12:00:00,Literally fireworks hero,,,20,0,https://www.youtube.com/watch?v=Z1_k2WmCOdA,0.0,neutral
100004,YouTube,real,Marvel Rivals,Marvel Rivals - Official Jubilee Character & Gameplay Reveal Trailer,comment,@0TheVegan0ThatCould0,2026-07-09T12:00:00,I LOVE HER,,,13,0,https://www.youtube.com/watch?v=Z1_k2WmCOdA,0.667,positive
100005,YouTube,real,Marvel Rivals,Marvel Rivals - Official Jubilee Character & Gameplay Reveal Trailer,comment,@chaxgo,2026-07-09T12:00:00,"Still waiting for Omega Red, and then I will main this game.",,,12,0,https://www.youtube.com/watch?v=Z1_k2WmCOdA,0.0,neutral
100006,YouTube,real,Marvel Rivals,Marvel Rivals - Official Jubilee Character & Gameplay Reveal Trailer,comment,@TheOnlooker2015,2026-07-09T12:00:00,"So much fireworks, she is well suited for new year countdown.",,,1,0,https://www.youtube.com/watch?v=Z1_k2WmCOdA,0.333,positive
100007,YouTube,real,Marvel Rivals,Marvel Rivals - Official Jubilee Character & Gameplay Reveal Trailer,comment,@quincyhotchkiss4775,2026-07-16T12:00:00,This Luna snow skin has crazy particle effects.,,,1,0,https://www.youtube.com/watch?v=Z1_k2WmCOdA,0.0,neutral
100008,YouTube,real,Marvel Rivals,Marvel Rivals - Official Jubilee Character & Gameplay Reveal Trailer,comment,@tvblue3010,2026-07-09T12:00:00,"Let's go, Marvel Rivals.",,,5,0,https://www.youtube.com/watch?v=Z1_k2WmCOdA,0.0,neutral
100009,YouTube,real,Marvel Rivals,Marvel Rivals - Official Jubilee Character & Gameplay Reveal Trailer,comment,@S1m0n5ays,2026-07-09T12:00:00,(Russian) Это же Юбилей из Радиоактивных людей! [recognizing Jubilee from X-Men],,,3,0,https://www.youtube.com/watch?v=Z1_k2WmCOdA,0.0,neutral
100010,YouTube,real,Marvel Rivals,Marvel Rivals - Official Jubilee Character & Gameplay Reveal Trailer,comment,@DevineAbiRached,2026-07-09T12:00:00,She needs to be in more games,,,18,2,https://www.youtube.com/watch?v=Z1_k2WmCOdA,0.0,neutral
100011,YouTube,real,Once Human,Once Human | Global Console Launch on Aug 25 (PT),comment,@TobiasTStool,2026-07-16T12:00:00,So they finally did it.,,,28,1,https://www.youtube.com/watch?v=YRa7L46q7IE,0.0,neutral
100012,YouTube,real,Once Human,Once Human | Global Console Launch on Aug 25 (PT),comment,@lozlife9606,2026-07-16T12:00:00,"FINALLY, AFTER TWO YEARS ITS FINALLY COMING TO CONSOLE BABY!",,,15,0,https://www.youtube.com/watch?v=YRa7L46q7IE,0.0,neutral
100013,YouTube,real,Once Human,Once Human | Global Console Launch on Aug 25 (PT),comment,@superman1875,2026-07-16T12:00:00,"Glad I'm in the beta, can't wait to try the first person perspective.",,,17,1,https://www.youtube.com/watch?v=YRa7L46q7IE,0.667,positive
100014,YouTube,real,Once Human,Once Human | Global Console Launch on Aug 25 (PT),comment,@populousbreak9172,2026-07-16T12:00:00,I knew it was coming to consoles when the controller layout got better,,,5,0,https://www.youtube.com/watch?v=YRa7L46q7IE,0.0,neutral
100015,YouTube,real,Once Human,Once Human | Global Console Launch on Aug 25 (PT),comment,@LSmith874,2026-07-16T12:00:00,"Very addictive game, the base building is great. Maxing out my beta rewards hopefully.",,,8,0,https://www.youtube.com/watch?v=YRa7L46q7IE,1.0,positive
100016,YouTube,real,Once Human,Once Human | Global Console Launch on Aug 25 (PT),comment,@kosekimajutsushi,2026-07-16T12:00:00,1200HOURS and counting <3,,,19,0,https://www.youtube.com/watch?v=YRa7L46q7IE,0.0,neutral
100017,YouTube,real,Once Human,Once Human | Global Console Launch on Aug 25 (PT),comment,@Ajarchie123yt,2026-07-16T12:00:00,YESSSSSS FINALLY AFTER 2 years of me waiting I finally know when I get to play this game hell yeah,,,1,0,https://www.youtube.com/watch?v=YRa7L46q7IE,0.0,neutral
100018,YouTube,real,Once Human,Once Human | Global Console Launch on Aug 25 (PT),comment,@frozone-yeah,2026-07-16T12:00:00,Yes let's gooooo!! We finally here. Enjoy what I played of the beta now I'm ready to dive into the full experience.,,,1,0,https://www.youtube.com/watch?v=YRa7L46q7IE,0.222,positive
100019,YouTube,real,Once Human,Once Human | Global Console Launch on Aug 25 (PT),comment,@lost_orbits,2026-07-16T12:00:00,Yes! Been waiting for this! Thank you and can't wait,,,0,0,https://www.youtube.com/watch?v=YRa7L46q7IE,0.333,positive
100020,YouTube,real,Once Human,Once Human | Global Console Launch on Aug 25 (PT),comment,@SorAofSloth,2026-07-16T12:00:00,I'm glad it's not coming until late August because I have so much to catch up on but at the same time I can't wait. Open Beta was so fun.,,,0,0,https://www.youtube.com/watch?v=YRa7L46q7IE,0.667,positive
100021,YouTube,real,Once Human,Once Human | Global Console Launch on Aug 25 (PT),comment,@wildrelicproductions4879,2026-07-16T12:00:00,Omg finally! I have been waiting for this game to come to consoles! I played it when it first came out on pc due too cohh carnage but stopped after a while.,,,0,0,https://www.youtube.com/watch?v=YRa7L46q7IE,0.0,neutral
100022,YouTube,real,Once Human,Once Human | Global Console Launch on Aug 25 (PT),comment,@jaydoxy3009,2026-07-16T12:00:00,I just hope they drop some new game modes soon,,,0,0,https://www.youtube.com/watch?v=YRa7L46q7IE,0.0,neutral
100023,YouTube,real,PUBG,PUBG: Battlegrounds - Official Unbound Announcement Trailer,comment,@wintersalas700,2026-04-02T12:00:00,PUBG: Battlegrounds is like saying ATM Machine,,,80,5,https://www.youtube.com/watch?v=ZwFdWJzbAaw,0.0,neutral
100024,YouTube,real,PUBG,PUBG: Battlegrounds - Official Unbound Announcement Trailer,comment,@deadaxe1648,2026-04-02T12:00:00,pubg payday collaboration payday before fortnite payday collaboration,,,8,0,https://www.youtube.com/watch?v=ZwFdWJzbAaw,0.0,neutral
100025,YouTube,real,PUBG,PUBG: Battlegrounds - Official Unbound Announcement Trailer,comment,@Dr.Deagle.,2026-04-02T12:00:00,"""I was crunk, I'm crunk right now""",,,6,0,https://www.youtube.com/watch?v=ZwFdWJzbAaw,0.0,neutral
100026,YouTube,real,PUBG,PUBG: Battlegrounds - Official Unbound Announcement Trailer,comment,@JensenAmory,2026-04-02T12:00:00,Looks like the end of battle royale games if pubg is jumping on the bandwagon…,,,16,0,https://www.youtube.com/watch?v=ZwFdWJzbAaw,0.0,neutral
100027,YouTube,real,PUBG,PUBG: Battlegrounds - Official Unbound Announcement Trailer,comment,@kingizbacc1,2026-04-02T12:00:00,"If I can pick someone up and put them in a car, when there knocked, then it’s now stupid for them to fall out the car if they get knocked while in the car.",,,25,4,https://www.youtube.com/watch?v=ZwFdWJzbAaw,0.0,neutral
100028,YouTube,real,PUBG,PUBG: Battlegrounds - Official Unbound Announcement Trailer,comment,@dr_mmmoegaming5419,2026-04-02T12:00:00,I can hear Kratos,,,48,6,https://www.youtube.com/watch?v=ZwFdWJzbAaw,0.0,neutral
100029,YouTube,real,PUBG,PUBG: Battlegrounds - Official Unbound Announcement Trailer,comment,@django_unblazed869,2026-04-30T12:00:00,Literally made so much money and have a big fan base can easily come out with a better version been years,,,0,0,https://www.youtube.com/watch?v=ZwFdWJzbAaw,0.0,neutral
100030,YouTube,real,PUBG,PUBG: Battlegrounds - Official Unbound Announcement Trailer,comment,@MrOG07,2026-04-30T12:00:00,About time still a huge pubg fan he is the originator and best BR game TO THIS DAY,,,0,0,https://www.youtube.com/watch?v=ZwFdWJzbAaw,0.667,positive
100031,YouTube,real,PUBG,PUBG: Battlegrounds - Official Unbound Announcement Trailer,comment,@Sonny55560,2026-04-02T12:00:00,Pubg of duty,,,6,0,https://www.youtube.com/watch?v=ZwFdWJzbAaw,0.0,neutral
100032,YouTube,real,PUBG,PUBG: Battlegrounds - Official Unbound Announcement Trailer,comment,@Thenewleafis,2026-04-02T12:00:00,Drop for the switch already,,,2,0,https://www.youtube.com/watch?v=ZwFdWJzbAaw,0.0,neutral
100033,YouTube,real,PUBG,PUBG: Battlegrounds - Official Unbound Announcement Trailer,comment,@a7exanderg,2026-04-02T12:00:00,I'm gonna be on vacation during the payday one....Nooooo,,,0,0,https://www.youtube.com/watch?v=ZwFdWJzbAaw,0.0,neutral
100034,YouTube,real,PUBG,PUBG: Battlegrounds - Official Unbound Announcement Trailer,comment,@markhenderson9799,2026-04-30T12:00:00,Xeo point game mode has me sold. I am playing as that comes out.,,,0,0,https://www.youtube.com/watch?v=ZwFdWJzbAaw,0.0,neutral
100035,YouTube,real,PUBG,PUBG: Battlegrounds - Official Unbound Announcement Trailer,comment,@wolverinescratch,2026-04-02T12:00:00,I hear Kratos too,,,1,0,https://www.youtube.com/watch?v=ZwFdWJzbAaw,0.0,neutral
100036,YouTube,real,PUBG,PUBG: Battlegrounds - Official Unbound Announcement Trailer,comment,@mattflash494,2026-04-30T12:00:00,I like playing PUBG:Battleground on my LCD Display,,,0,0,https://www.youtube.com/watch?v=ZwFdWJzbAaw,0.0,neutral
100037,YouTube,real,PUBG,PUBG: Battlegrounds - Official Unbound Announcement Trailer,comment,@richardmiller3140,2026-04-02T12:00:00,About time,,,0,0,https://www.youtube.com/watch?v=ZwFdWJzbAaw,0.0,neutral
100038,YouTube,real,PUBG,PUBG: Battlegrounds - Official Unbound Announcement Trailer,comment,@Redyssey,2026-04-02T12:00:00,Give me an axe Boooooy,,,2,0,https://www.youtube.com/watch?v=ZwFdWJzbAaw,0.0,neutral
100039,YouTube,real,PUBG,PUBG: Battlegrounds - Official Unbound Announcement Trailer,comment,@MattSm00th,2026-04-02T12:00:00,Nice to see pubg is still going,,,9,0,https://www.youtube.com/watch?v=ZwFdWJzbAaw,0.333,positive
100040,YouTube,real,Where Winds Meet,Where Winds Meet - Official Launch Trailer,comment,@NastyTete,2025-12-04T12:00:00,IGN: 6/10 they didn't pay us off enough for a good review. Oh and make sure to check out our Dragon Age and Wukong reviews for more biased reviews!!,,,78,1,https://www.youtube.com/watch?v=cpY_JFJRA9Q,0.0,neutral
100041,YouTube,real,Where Winds Meet,Where Winds Meet - Official Launch Trailer,comment,@Rexident97,2025-12-04T12:00:00,Sekiro + Elden Ring = Where winds meet. after playing 20 hours I am usually 1/3 done with AAA games but I've begun to realize that I only scratched the surface of this beauty. Absolutely amazing.,,,9,0,https://www.youtube.com/watch?v=cpY_JFJRA9Q,0.667,positive
100042,YouTube,real,Where Winds Meet,Where Winds Meet - Official Launch Trailer,comment,@johnnieturner8244,2025-12-04T12:00:00,Gonna be fun day today.,,,91,5,https://www.youtube.com/watch?v=cpY_JFJRA9Q,0.333,positive
100043,YouTube,real,Where Winds Meet,Where Winds Meet - Official Launch Trailer,comment,@Sepuhhhgaming,2025-12-04T12:00:00,"I've played the Chinese version, its like elden ring and wukong with mmo element, what a cool game",,,171,10,https://www.youtube.com/watch?v=cpY_JFJRA9Q,0.333,positive
100044,YouTube,real,Where Winds Meet,Where Winds Meet - Official Launch Trailer,comment,@EthanVillanueva,2025-12-04T12:00:00,how am I only just now hearing of this game? And it's free?!? what a time to be alive as a gamer,,,2,0,https://www.youtube.com/watch?v=cpY_JFJRA9Q,0.0,neutral
100045,YouTube,real,Where Winds Meet,Where Winds Meet - Official Launch Trailer,comment,@Niner530,2025-12-04T12:00:00,"Just started and pretty dope so far. Learned Tai Chi from a Bear, then proceeded to whoop his ass with aid acquired skills!",,,2,0,https://www.youtube.com/watch?v=cpY_JFJRA9Q,0.0,neutral
100046,YouTube,real,Where Winds Meet,Where Winds Meet - Official Launch Trailer,comment,@Animeguy300,2025-12-04T12:00:00,"Can't wait, so hyped to play it",,,16,0,https://www.youtube.com/watch?v=cpY_JFJRA9Q,0.667,positive
100047,YouTube,real,World of Warcraft,World of Warcraft: Midnight - Official Pre-Expansion Update Trailer,comment,@Mathias12-s6y,2026-01-29T12:00:00,think it's time for Wow 2,,,61,0,https://www.youtube.com/watch?v=jgxrLtQxj-E,0.0,neutral
100048,YouTube,real,World of Warcraft,World of Warcraft: Midnight - Official Pre-Expansion Update Trailer,comment,@nickcody7092,2026-01-29T12:00:00,this trailer is so lazily made,,,72,0,https://www.youtube.com/watch?v=jgxrLtQxj-E,-0.333,negative
100049,YouTube,real,World of Warcraft,World of Warcraft: Midnight - Official Pre-Expansion Update Trailer,comment,@jtejeda94,2026-01-29T12:00:00,Sunk cost fallacy - The Game,,,17,0,https://www.youtube.com/watch?v=jgxrLtQxj-E,-0.667,negative
100050,YouTube,real,World of Warcraft,World of Warcraft: Midnight - Official Pre-Expansion Update Trailer,comment,@AtilonWoW,2026-01-29T12:00:00,Somehow this doesn't hype me at all,,,89,6,https://www.youtube.com/watch?v=jgxrLtQxj-E,0.0,neutral
100051,YouTube,real,World of Warcraft,World of Warcraft: Midnight - Official Pre-Expansion Update Trailer,comment,@Darkariaful,2026-01-29T12:00:00,"I'm sorry, but may World of Warcraft rest in peace.",,,31,0,https://www.youtube.com/watch?v=jgxrLtQxj-E,-0.667,negative
100052,YouTube,real,World of Warcraft,World of Warcraft: Midnight - Official Pre-Expansion Update Trailer,comment,@Just_Some_Guy_with_a_Mustache,2026-01-29T12:00:00,The man's greatest enemy is doorways with that fit.,,,7,0,https://www.youtube.com/watch?v=jgxrLtQxj-E,0.0,neutral
100053,YouTube,real,World of Warcraft,World of Warcraft: Midnight - Official Pre-Expansion Update Trailer,comment,@BadHombre1,2026-01-29T12:00:00,We are so not back baby,,,34,1,https://www.youtube.com/watch?v=jgxrLtQxj-E,0.0,neutral
100054,YouTube,real,World of Warcraft,World of Warcraft: Midnight - Official Pre-Expansion Update Trailer,comment,@erixjohn3599,2026-01-29T12:00:00,They don't have Cinematic Scene anymore!,,,4,0,https://www.youtube.com/watch?v=jgxrLtQxj-E,0.0,neutral
200001,Reddit,synthetic,PUBG,r/PUBATTLEGROUNDS,post,u/Sage99,2026-06-19T07:08:00,"Ran into another obvious wallhacker in ranked, report system does nothing",bug/cheating complaints,-1,387,31,,-0.333,negative
200002,Reddit,synthetic,PUBG,r/PUBATTLEGROUNDS,post,u/Sage22,2026-07-15T16:38:00,"Coming back after 2 years, the gunplay still feels the best in the genre",nostalgia,1,67,14,,0.667,positive
200003,Reddit,synthetic,PUBG,r/PUBATTLEGROUNDS,post,u/Hayden_yt,2026-07-25T00:48:00,Didn't expect to enjoy a superhero collab in PUBG but here we are,crossover hype,1,865,84,,0.333,positive
200004,Reddit,synthetic,PUBG,r/PUBATTLEGROUNDS,post,u/Reese88,2026-06-10T02:24:00,Queue times on Miramar are getting rough during off-peak hours,matchmaking/queue,-1,59,9,,-0.333,negative
200005,Reddit,synthetic,PUBG,r/PUBATTLEGROUNDS,post,u/Quinn_og,2026-07-08T03:59:00,Queue times on Miramar are getting rough during off-peak hours,matchmaking/queue,-1,203,14,,-0.333,negative
200006,Reddit,synthetic,PUBG,r/PUBATTLEGROUNDS,post,u/Quinn99,2026-07-19T02:02:00,Battle pass grind takes way too long unless you buy XP boosts,monetization,-1,348,41,,-0.333,negative
200007,Reddit,synthetic,PUBG,r/PUBATTLEGROUNDS,post,u/Reese_plays,2026-07-03T20:53:00,The Spider-Man crossover skins actually look really good this time,crossover hype,1,413,40,,0.333,positive
200008,Reddit,synthetic,PUBG,r/PUBATTLEGROUNDS,post,u/Sage_x,2026-07-17T20:04:00,Battle pass grind takes way too long unless you buy XP boosts,monetization,-1,321,77,,-0.333,negative
200009,Reddit,synthetic,PUBG,r/PUBATTLEGROUNDS,post,u/Skyler_og,2026-06-21T20:44:00,The Spider-Man crossover skins actually look really good this time,crossover hype,1,610,70,,0.333,positive
200010,Reddit,synthetic,PUBG,r/PUBATTLEGROUNDS,post,u/Emerson_x,2026-07-25T10:25:00,"Ran into another obvious wallhacker in ranked, report system does nothing",bug/cheating complaints,-1,147,10,,-0.333,negative
200011,Reddit,synthetic,PUBG,r/PUBATTLEGROUNDS,post,u/Drew_x,2026-06-29T20:29:00,Queue times on Miramar are getting rough during off-peak hours,matchmaking/queue,-1,83,10,,-0.333,negative
200012,Reddit,synthetic,PUBG,r/PUBATTLEGROUNDS,post,u/Morgan_lol,2026-07-01T18:25:00,"Coming back after 2 years, the gunplay still feels the best in the genre",nostalgia,1,410,47,,0.667,positive
200013,Reddit,synthetic,PUBG,r/PUBATTLEGROUNDS,post,u/Hayden88,2026-07-29T03:09:00,Xeno Point mode is a fun change of pace but wears thin after a few rounds,mode feedback,0,165,16,,0.333,positive
200014,Reddit,synthetic,PUBG,r/PUBATTLEGROUNDS,post,u/Alex_vibes,2026-07-03T16:16:00,"Anti-cheat needs a total overhaul, ESP hackers every other match on Erangel",bug/cheating complaints,-1,293,90,,-0.333,negative
200015,Reddit,synthetic,PUBG,r/PUBATTLEGROUNDS,post,u/Quinn22,2026-07-08T08:49:00,"Crate prices keep creeping up, this used to be a lot more generous",monetization,-1,338,51,,0.333,positive
200016,Reddit,synthetic,PUBG,r/PUBATTLEGROUNDS,post,u/Casey_og,2026-07-20T08:32:00,Didn't expect to enjoy a superhero collab in PUBG but here we are,crossover hype,1,820,84,,0.333,positive
200017,Reddit,synthetic,PUBG,r/PUBATTLEGROUNDS,post,u/Riley_lol,2026-07-06T19:12:00,Battle pass grind takes way too long unless you buy XP boosts,monetization,-1,88,14,,-0.333,negative
200018,Reddit,synthetic,PUBG,r/PUBATTLEGROUNDS,post,u/Quinn_plays,2026-07-05T00:07:00,"Still can't believe this game holds up in 2026, the OG BR experience",nostalgia,1,411,128,,0.0,neutral
200019,Reddit,synthetic,PUBG,r/PUBATTLEGROUNDS,post,u/Sage07,2026-06-09T02:46:00,"Ran into another obvious wallhacker in ranked, report system does nothing",bug/cheating complaints,-1,258,76,,-0.333,negative
200020,Reddit,synthetic,PUBG,r/PUBATTLEGROUNDS,post,u/Hayden_plays,2026-07-09T05:16:00,The Spider-Man crossover skins actually look really good this time,crossover hype,1,580,180,,0.333,positive
200021,Reddit,synthetic,PUBG,r/PUBATTLEGROUNDS,post,u/Finley_dev,2026-06-29T21:41:00,"Still can't believe this game holds up in 2026, the OG BR experience",nostalgia,1,422,76,,0.0,neutral
200022,Reddit,synthetic,PUBG,r/PUBATTLEGROUNDS,post,u/Sam_x,2026-07-18T17:14:00,"Ran into another obvious wallhacker in ranked, report system does nothing",bug/cheating complaints,-1,311,36,,-0.333,negative
200023,Reddit,synthetic,PUBG,r/PUBATTLEGROUNDS,post,u/Ellis_plays,2026-07-29T10:04:00,"Crate prices keep creeping up, this used to be a lot more generous",monetization,-1,273,33,,0.333,positive
200024,Reddit,synthetic,PUBG,r/PUBATTLEGROUNDS,post,u/Ellis07,2026-07-30T18:36:00,"Still can't believe this game holds up in 2026, the OG BR experience",nostalgia,1,524,64,,0.0,neutral
200025,Reddit,synthetic,PUBG,r/PUBATTLEGROUNDS,post,u/Jordan_vibes,2026-06-26T13:26:00,Xeno Point mode is a fun change of pace but wears thin after a few rounds,mode feedback,0,124,38,,0.333,positive
200026,Reddit,synthetic,PUBG,r/PUBATTLEGROUNDS,post,u/RowanTTV,2026-07-25T03:15:00,"Crate prices keep creeping up, this used to be a lot more generous",monetization,-1,108,11,,0.333,positive
200027,Reddit,synthetic,PUBG,r/PUBATTLEGROUNDS,post,u/Sage_og,2026-07-14T14:51:00,Xeno Point mode is a fun change of pace but wears thin after a few rounds,mode feedback,0,145,11,,0.333,positive
200028,Reddit,synthetic,PUBG,r/PUBATTLEGROUNDS,comment,u/Riley22,2026-07-15T12:57:00,"Ran into another obvious wallhacker in ranked, report system does nothing",bug/cheating complaints,-1,9,0,,-0.333,negative
200029,Reddit,synthetic,PUBG,r/PUBATTLEGROUNDS,comment,u/EllisTTV,2026-07-03T09:27:00,"Anti-cheat needs a total overhaul, ESP hackers every other match on Erangel",bug/cheating complaints,-1,73,0,,-0.333,negative
200030,Reddit,synthetic,PUBG,r/PUBATTLEGROUNDS,comment,u/Jordan_gg,2026-07-18T01:47:00,Didn't expect to enjoy a superhero collab in PUBG but here we are,crossover hype,1,85,0,,0.333,positive
200031,Reddit,synthetic,PUBG,r/PUBATTLEGROUNDS,comment,u/Finley99,2026-07-28T16:10:00,"Coming back after 2 years, the gunplay still feels the best in the genre",nostalgia,1,19,0,,0.667,positive
200032,Reddit,synthetic,PUBG,r/PUBATTLEGROUNDS,comment,u/Emerson_plays,2026-07-17T07:25:00,The Spider-Man crossover skins actually look really good this time,crossover hype,1,35,0,,0.333,positive
200033,Reddit,synthetic,PUBG,r/PUBATTLEGROUNDS,comment,u/Finley_yt,2026-06-30T21:37:00,"Still can't believe this game holds up in 2026, the OG BR experience",nostalgia,1,149,0,,0.0,neutral
200034,Reddit,synthetic,PUBG,r/PUBATTLEGROUNDS,comment,u/Morgan_vibes,2026-06-24T07:16:00,Queue times on Miramar are getting rough during off-peak hours,matchmaking/queue,-1,52,0,,-0.333,negative
200035,Reddit,synthetic,PUBG,r/PUBATTLEGROUNDS,comment,u/Kai88,2026-07-22T02:00:00,Battle pass grind takes way too long unless you buy XP boosts,monetization,-1,60,0,,-0.333,negative
200036,Reddit,synthetic,PUBG,r/PUBATTLEGROUNDS,comment,u/Sam_plays,2026-07-06T08:08:00,"Ran into another obvious wallhacker in ranked, report system does nothing",bug/cheating complaints,-1,46,0,,-0.333,negative
200037,Reddit,synthetic,PUBG,r/PUBATTLEGROUNDS,comment,u/Finley_gg,2026-07-19T09:39:00,"Matchmaking keeps putting solo players against premade squads, feels unfair",matchmaking/queue,-1,85,0,,0.0,neutral
200038,Reddit,synthetic,PUBG,r/PUBATTLEGROUNDS,comment,u/Casey_x,2026-06-10T04:16:00,Battle pass grind takes way too long unless you buy XP boosts,monetization,-1,16,0,,-0.333,negative
200039,Reddit,synthetic,PUBG,r/PUBATTLEGROUNDS,comment,u/Finley_dev,2026-07-19T10:13:00,"Still can't believe this game holds up in 2026, the OG BR experience",nostalgia,1,72,0,,0.0,neutral
200040,Reddit,synthetic,PUBG,r/PUBATTLEGROUNDS,comment,u/Morgan_vibes,2026-07-16T01:00:00,Queue times on Miramar are getting rough during off-peak hours,matchmaking/queue,-1,44,0,,-0.333,negative
200041,Reddit,synthetic,PUBG,r/PUBATTLEGROUNDS,comment,u/Alex99,2026-07-09T22:27:00,Queue times on Miramar are getting rough during off-peak hours,matchmaking/queue,-1,73,0,,-0.333,negative
200042,Reddit,synthetic,PUBG,r/PUBATTLEGROUNDS,comment,u/Emerson_lol,2026-07-08T01:53:00,"Hit reg has been awful since the last patch, dying behind walls",bug/cheating complaints,-1,49,0,,-0.667,negative
200043,Reddit,synthetic,PUBG,r/PUBATTLEGROUNDS,comment,u/Casey_yt,2026-07-14T11:13:00,Didn't expect to enjoy a superhero collab in PUBG but here we are,crossover hype,1,68,0,,0.333,positive
200044,Reddit,synthetic,PUBG,r/PUBATTLEGROUNDS,comment,u/Riley07,2026-07-21T04:59:00,"Coming back after 2 years, the gunplay still feels the best in the genre",nostalgia,1,65,0,,0.667,positive
200045,Reddit,synthetic,PUBG,r/PUBATTLEGROUNDS,comment,u/AveryTTV,2026-06-25T13:51:00,Didn't expect to enjoy a superhero collab in PUBG but here we are,crossover hype,1,68,0,,0.333,positive
200046,Reddit,synthetic,PUBG,r/PUBATTLEGROUNDS,comment,u/Rowan_yt,2026-06-06T15:14:00,"Crate prices keep creeping up, this used to be a lot more generous",monetization,-1,27,0,,0.333,positive
200047,Reddit,synthetic,PUBG,r/PUBATTLEGROUNDS,comment,u/Avery_yt,2026-06-29T10:17:00,Queue times on Miramar are getting rough during off-peak hours,matchmaking/queue,-1,10,0,,-0.333,negative
200048,Reddit,synthetic,PUBG,r/PUBATTLEGROUNDS,comment,u/Caseyxo,2026-07-27T17:21:00,Battle pass grind takes way too long unless you buy XP boosts,monetization,-1,5,0,,-0.333,negative
200049,Reddit,synthetic,PUBG,r/PUBATTLEGROUNDS,comment,u/Reese_x,2026-06-20T01:06:00,"New collab event has decent rewards for once, actually worth the grind",crossover hype,1,116,0,,0.0,neutral
200050,Reddit,synthetic,PUBG,r/PUBATTLEGROUNDS,comment,u/Taylorxo,2026-07-06T03:24:00,"Matchmaking keeps putting solo players against premade squads, feels unfair",matchmaking/queue,-1,75,0,,0.0,neutral
200051,Reddit,synthetic,PUBG,r/PUBATTLEGROUNDS,comment,u/Taylor_yt,2026-07-07T17:43:00,"Hit reg has been awful since the last patch, dying behind walls",bug/cheating complaints,-1,87,0,,-0.667,negative
200052,Reddit,synthetic,PUBG,r/PUBATTLEGROUNDS,comment,u/Quinn_lol,2026-06-25T19:20:00,Xeno Point mode is a fun change of pace but wears thin after a few rounds,mode feedback,0,8,0,,0.333,positive
200053,Reddit,synthetic,PUBG,r/PUBATTLEGROUNDS,comment,u/Blair_vibes,2026-07-09T04:12:00,"Matchmaking keeps putting solo players against premade squads, feels unfair",matchmaking/queue,-1,55,0,,0.0,neutral
200054,Reddit,synthetic,PUBG,r/PUBATTLEGROUNDS,comment,u/Quinnxo,2026-06-23T12:35:00,"Crate prices keep creeping up, this used to be a lot more generous",monetization,-1,2,0,,0.333,positive
200055,Reddit,synthetic,PUBG,r/PUBATTLEGROUNDS,comment,u/Rowan_dev,2026-07-12T20:20:00,Didn't expect to enjoy a superhero collab in PUBG but here we are,crossover hype,1,124,0,,0.333,positive
200056,Reddit,synthetic,PUBG,r/PUBATTLEGROUNDS,comment,u/Samxo,2026-07-24T23:10:00,"Crate prices keep creeping up, this used to be a lot more generous",monetization,-1,86,0,,0.333,positive
200057,Reddit,synthetic,PUBG,r/PUBATTLEGROUNDS,comment,u/TaylorTTV,2026-06-19T21:19:00,"Coming back after 2 years, the gunplay still feels the best in the genre",nostalgia,1,62,0,,0.667,positive
200058,Discord,synthetic,PUBG,PUBG Official (unofficial fan),message,Emerson_plays,2026-07-13T02:29:00,"Ran into another obvious wallhacker in ranked, report system does nothing",bug/cheating complaints,-1,13,0,,-0.333,negative
200059,Discord,synthetic,PUBG,PUBG Official (unofficial fan),message,Alex07,2026-06-19T04:41:00,Battle pass grind takes way too long unless you buy XP boosts,monetization,-1,22,0,,-0.333,negative
200060,Discord,synthetic,PUBG,PUBG Official (unofficial fan),message,Sage_plays,2026-07-18T16:29:00,"Anti-cheat needs a total overhaul, ESP hackers every other match on Erangel",bug/cheating complaints,-1,1,0,,-0.333,negative
200061,Discord,synthetic,PUBG,PUBG Official (unofficial fan),message,Rowan88,2026-07-18T17:38:00,"Anti-cheat needs a total overhaul, ESP hackers every other match on Erangel",bug/cheating complaints,-1,10,0,,-0.333,negative
200062,Discord,synthetic,PUBG,PUBG Official (unofficial fan),message,Ellis_dev,2026-07-09T14:57:00,Battle pass grind takes way too long unless you buy XP boosts,monetization,-1,5,0,,-0.333,negative
200063,Discord,synthetic,PUBG,PUBG Official (unofficial fan),message,Drewxo,2026-06-21T16:31:00,Queue times on Miramar are getting rough during off-peak hours,matchmaking/queue,-1,20,0,,-0.333,negative
200064,Discord,synthetic,PUBG,PUBG Official (unofficial fan),message,Sage99,2026-06-19T08:21:00,Xeno Point mode is a fun change of pace but wears thin after a few rounds,mode feedback,0,5,0,,0.333,positive
200065,Discord,synthetic,PUBG,PUBG Official (unofficial fan),message,Hayden_yt,2026-07-19T06:04:00,The Spider-Man crossover skins actually look really good this time,crossover hype,1,13,0,,0.333,positive
200066,Discord,synthetic,PUBG,PUBG Official (unofficial fan),message,Emerson_x,2026-06-17T13:24:00,"Coming back after 2 years, the gunplay still feels the best in the genre",nostalgia,1,24,0,,0.667,positive
200067,Discord,synthetic,PUBG,PUBG Official (unofficial fan),message,Blair_og,2026-06-04T11:19:00,"Hit reg has been awful since the last patch, dying behind walls",bug/cheating complaints,-1,24,0,,-0.667,negative
200068,Discord,synthetic,PUBG,PUBG Official (unofficial fan),message,Blair_yt,2026-06-21T13:31:00,Xeno Point mode is a fun change of pace but wears thin after a few rounds,mode feedback,0,0,0,,0.333,positive
200069,Discord,synthetic,PUBG,PUBG Official (unofficial fan),message,Kai_lol,2026-07-27T14:58:00,Battle pass grind takes way too long unless you buy XP boosts,monetization,-1,4,0,,-0.333,negative
200070,Discord,synthetic,PUBG,PUBG Official (unofficial fan),message,HaydenTTV,2026-07-16T00:05:00,"Anti-cheat needs a total overhaul, ESP hackers every other match on Erangel",bug/cheating complaints,-1,20,0,,-0.333,negative
200071,Discord,synthetic,PUBG,PUBG Official (unofficial fan),message,Blairxo,2026-07-15T14:20:00,Xeno Point mode is a fun change of pace but wears thin after a few rounds,mode feedback,0,5,0,,0.333,positive
200072,Discord,synthetic,PUBG,PUBG Official (unofficial fan),message,Jordan_yt,2026-07-04T00:47:00,"New game mode is fine, wish it had its own separate ranked ladder",mode feedback,0,8,0,,0.0,neutral
200073,Discord,synthetic,PUBG,PUBG Official (unofficial fan),message,Alex88,2026-06-06T00:15:00,"New collab event has decent rewards for once, actually worth the grind",crossover hype,1,6,0,,0.0,neutral
200074,Discord,synthetic,PUBG,PUBG Official (unofficial fan),message,Avery07,2026-07-10T06:29:00,The Spider-Man crossover skins actually look really good this time,crossover hype,1,22,0,,0.333,positive
200075,Discord,synthetic,PUBG,PUBG Official (unofficial fan),message,Rileyxo,2026-07-21T22:07:00,Queue times on Miramar are getting rough during off-peak hours,matchmaking/queue,-1,24,0,,-0.333,negative
200076,Discord,synthetic,PUBG,PUBG Official (unofficial fan),message,Sam88,2026-07-17T12:45:00,"Hit reg has been awful since the last patch, dying behind walls",bug/cheating complaints,-1,6,0,,-0.667,negative
200077,Discord,synthetic,PUBG,PUBG Official (unofficial fan),message,Casey07,2026-07-28T21:38:00,"Crate prices keep creeping up, this used to be a lot more generous",monetization,-1,25,0,,0.333,positive
200078,Discord,synthetic,PUBG,PUBG Official (unofficial fan),message,Skyler_gg,2026-07-16T02:32:00,"Still can't believe this game holds up in 2026, the OG BR experience",nostalgia,1,20,0,,0.0,neutral
200079,Discord,synthetic,PUBG,PUBG Official (unofficial fan),message,HaydenTTV,2026-07-14T14:45:00,"New game mode is fine, wish it had its own separate ranked ladder",mode feedback,0,2,0,,0.0,neutral
200080,Discord,synthetic,PUBG,PUBG Official (unofficial fan),message,Emersonxo,2026-07-08T15:29:00,Battle pass grind takes way too long unless you buy XP boosts,monetization,-1,13,0,,-0.333,negative
200081,Discord,synthetic,PUBG,PUBG Official (unofficial fan),message,Drew07,2026-06-09T08:56:00,Queue times on Miramar are getting rough during off-peak hours,matchmaking/queue,-1,14,0,,-0.333,negative
200082,Discord,synthetic,PUBG,PUBG Official (unofficial fan),message,Reese07,2026-07-16T05:31:00,"New game mode is fine, wish it had its own separate ranked ladder",mode feedback,0,3,0,,0.0,neutral
200083,Discord,synthetic,PUBG,PUBG Official (unofficial fan),message,Finley_plays,2026-07-30T08:35:00,"Matchmaking keeps putting solo players against premade squads, feels unfair",matchmaking/queue,-1,0,0,,0.0,neutral
200084,Discord,synthetic,PUBG,PUBG Official (unofficial fan),message,Ellis_vibes,2026-07-05T17:48:00,"Ran into another obvious wallhacker in ranked, report system does nothing",bug/cheating complaints,-1,7,0,,-0.333,negative
200085,Discord,synthetic,PUBG,PUBG Official (unofficial fan),message,Blair_x,2026-06-05T02:18:00,Battle pass grind takes way too long unless you buy XP boosts,monetization,-1,7,0,,-0.333,negative
200086,Reddit,synthetic,Once Human,r/OnceHumanGame,post,u/Reese_x,2026-07-07T11:27:00,"Losing my base every reset season is exhausting, wish there was a permanent server",server/season fatigue,-1,391,84,,-0.333,negative
200087,Reddit,synthetic,Once Human,r/OnceHumanGame,post,u/Riley_plays,2026-07-22T10:07:00,"Spent 6 hours just decorating my base, this system is so addictive",build/base building praise,1,800,168,,0.333,positive
200088,Reddit,synthetic,Once Human,r/OnceHumanGame,post,u/Taylorxo,2026-07-22T16:38:00,Cash shop prices for cosmetics are honestly kind of insane for a survival game,monetization/gacha,-1,154,52,,-0.333,negative
200089,Reddit,synthetic,Once Human,r/OnceHumanGame,post,u/Sagexo,2026-07-25T04:17:00,Cash shop prices for cosmetics are honestly kind of insane for a survival game,monetization/gacha,-1,33,11,,-0.333,negative
200090,Reddit,synthetic,Once Human,r/OnceHumanGame,post,u/Quinn_dev,2026-07-22T15:06:00,"Getting disconnected mid-boss fight twice this week, lost all my loot",bugs,-1,456,24,,-0.333,negative
200091,Reddit,synthetic,Once Human,r/OnceHumanGame,post,u/Ellis99,2026-06-20T15:07:00,"Spent 6 hours just decorating my base, this system is so addictive",build/base building praise,1,881,61,,0.333,positive
200092,Reddit,synthetic,Once Human,r/OnceHumanGame,post,u/Hayden88,2026-06-23T02:15:00,Anyone know if the console version gets the same seasonal content day one?,new content questions,0,35,7,,0.0,neutral
200093,Reddit,synthetic,Once Human,r/OnceHumanGame,post,u/Emerson22,2026-06-28T14:58:00,Anyone know if the console version gets the same seasonal content day one?,new content questions,0,118,16,,0.0,neutral
200094,Reddit,synthetic,Once Human,r/OnceHumanGame,post,u/Avery_vibes,2026-07-21T03:48:00,Server wipes every season are rough if you don't no-life the game,server/season fatigue,-1,116,27,,-0.333,negative
200095,Reddit,synthetic,Once Human,r/OnceHumanGame,post,u/Ellisxo,2026-06-14T00:26:00,"Finally, console launch is confirmed, been waiting since the PC release",console launch anticipation,1,501,128,,0.0,neutral
200096,Reddit,synthetic,Once Human,r/OnceHumanGame,post,u/Emerson_vibes,2026-07-24T02:43:00,"Finally, console launch is confirmed, been waiting since the PC release",console launch anticipation,1,279,91,,0.0,neutral
200097,Reddit,synthetic,Once Human,r/OnceHumanGame,post,u/Riley07,2026-07-22T08:52:00,Cash shop prices for cosmetics are honestly kind of insane for a survival game,monetization/gacha,-1,82,5,,-0.333,negative
200098,Reddit,synthetic,Once Human,r/OnceHumanGame,post,u/Avery_lol,2026-07-03T22:19:00,"Losing my base every reset season is exhausting, wish there was a permanent server",server/season fatigue,-1,368,62,,-0.333,negative
200099,Reddit,synthetic,Once Human,r/OnceHumanGame,post,u/Kaixo,2026-07-12T01:56:00,Is the mobile version worth it or does it feel like a downgrade from PC?,new content questions,0,115,31,,0.333,positive
200100,Reddit,synthetic,Once Human,r/OnceHumanGame,post,u/Avery88,2026-07-29T18:37:00,"Finally, console launch is confirmed, been waiting since the PC release",console launch anticipation,1,61,21,,0.0,neutral
200101,Reddit,synthetic,Once Human,r/OnceHumanGame,post,u/Emerson22,2026-07-15T14:58:00,"Finally, console launch is confirmed, been waiting since the PC release",console launch anticipation,1,324,33,,0.0,neutral
200102,Reddit,synthetic,Once Human,r/OnceHumanGame,post,u/Casey_og,2026-07-04T11:26:00,Deviant pathing is still broken in the new map area,bugs,-1,180,26,,-0.667,negative
200103,Reddit,synthetic,Once Human,r/OnceHumanGame,post,u/Sage_gg,2026-07-05T09:42:00,Cash shop prices for cosmetics are honestly kind of insane for a survival game,monetization/gacha,-1,493,83,,-0.333,negative
200104,Reddit,synthetic,Once Human,r/OnceHumanGame,post,u/Sage_dev,2026-07-24T16:52:00,Base building in this game is genuinely some of the best in the genre,build/base building praise,1,41,10,,0.667,positive
200105,Reddit,synthetic,Once Human,r/OnceHumanGame,post,u/Avery_lol,2026-07-24T20:28:00,Base building in this game is genuinely some of the best in the genre,build/base building praise,1,818,53,,0.667,positive
200106,Reddit,synthetic,Once Human,r/OnceHumanGame,post,u/Kai07,2026-07-18T15:07:00,Cash shop prices for cosmetics are honestly kind of insane for a survival game,monetization/gacha,-1,24,8,,-0.333,negative
200107,Reddit,synthetic,Once Human,r/OnceHumanGame,post,u/Rowan99,2026-07-24T02:14:00,"The gacha weapon system is getting predatory, pulls are brutal value",monetization/gacha,-1,440,142,,-1.0,negative
200108,Reddit,synthetic,Once Human,r/OnceHumanGame,post,u/Ellis_dev,2026-07-19T09:32:00,"Getting disconnected mid-boss fight twice this week, lost all my loot",bugs,-1,371,48,,-0.333,negative
200109,Reddit,synthetic,Once Human,r/OnceHumanGame,comment,u/Samxo,2026-07-12T16:47:00,Base building in this game is genuinely some of the best in the genre,build/base building praise,1,39,0,,0.667,positive
200110,Reddit,synthetic,Once Human,r/OnceHumanGame,comment,u/Quinn_x,2026-07-06T08:52:00,"Spent 6 hours just decorating my base, this system is so addictive",build/base building praise,1,5,0,,0.333,positive
200111,Reddit,synthetic,Once Human,r/OnceHumanGame,comment,u/Skyler_lol,2026-07-02T17:30:00,"Losing my base every reset season is exhausting, wish there was a permanent server",server/season fatigue,-1,46,0,,-0.333,negative
200112,Reddit,synthetic,Once Human,r/OnceHumanGame,comment,u/Emerson22,2026-06-24T06:44:00,Is the mobile version worth it or does it feel like a downgrade from PC?,new content questions,0,16,0,,0.333,positive
200113,Reddit,synthetic,Once Human,r/OnceHumanGame,comment,u/Morgan_dev,2026-07-19T12:24:00,Cash shop prices for cosmetics are honestly kind of insane for a survival game,monetization/gacha,-1,86,0,,-0.333,negative
200114,Reddit,synthetic,Once Human,r/OnceHumanGame,comment,u/Rowan99,2026-07-11T10:55:00,"Finally, console launch is confirmed, been waiting since the PC release",console launch anticipation,1,30,0,,0.0,neutral
200115,Reddit,synthetic,Once Human,r/OnceHumanGame,comment,u/Skyler88,2026-07-22T02:30:00,Is the mobile version worth it or does it feel like a downgrade from PC?,new content questions,0,17,0,,0.333,positive
200116,Reddit,synthetic,Once Human,r/OnceHumanGame,comment,u/Sage22,2026-07-28T10:54:00,Deviant pathing is still broken in the new map area,bugs,-1,88,0,,-0.667,negative
200117,Reddit,synthetic,Once Human,r/OnceHumanGame,comment,u/Quinn_plays,2026-06-06T19:04:00,"Losing my base every reset season is exhausting, wish there was a permanent server",server/season fatigue,-1,32,0,,-0.333,negative
200118,Reddit,synthetic,Once Human,r/OnceHumanGame,comment,u/RowanTTV,2026-06-10T20:45:00,"Getting disconnected mid-boss fight twice this week, lost all my loot",bugs,-1,14,0,,-0.333,negative
200119,Reddit,synthetic,Once Human,r/OnceHumanGame,comment,u/Quinn_yt,2026-06-06T10:50:00,Deviant pathing is still broken in the new map area,bugs,-1,9,0,,-0.667,negative
200120,Reddit,synthetic,Once Human,r/OnceHumanGame,comment,u/RileyTTV,2026-07-25T21:50:00,"Losing my base every reset season is exhausting, wish there was a permanent server",server/season fatigue,-1,25,0,,-0.333,negative
200121,Reddit,synthetic,Once Human,r/OnceHumanGame,comment,u/EmersonTTV,2026-07-13T21:15:00,"Two years of waiting and it's finally coming to PS5, worth it",console launch anticipation,1,132,0,,0.333,positive
200122,Reddit,synthetic,Once Human,r/OnceHumanGame,comment,u/Rowanxo,2026-07-03T08:42:00,Cash shop prices for cosmetics are honestly kind of insane for a survival game,monetization/gacha,-1,3,0,,-0.333,negative
200123,Reddit,synthetic,Once Human,r/OnceHumanGame,comment,u/Avery_dev,2026-07-11T09:40:00,"Getting disconnected mid-boss fight twice this week, lost all my loot",bugs,-1,56,0,,-0.333,negative
200124,Reddit,synthetic,Once Human,r/OnceHumanGame,comment,u/Blair88,2026-07-28T15:06:00,Server wipes every season are rough if you don't no-life the game,server/season fatigue,-1,32,0,,-0.333,negative
200125,Reddit,synthetic,Once Human,r/OnceHumanGame,comment,u/Blairxo,2026-06-22T00:53:00,"Losing my base every reset season is exhausting, wish there was a permanent server",server/season fatigue,-1,86,0,,-0.333,negative
200126,Reddit,synthetic,Once Human,r/OnceHumanGame,comment,u/Quinn07,2026-07-23T23:03:00,"Two years of waiting and it's finally coming to PS5, worth it",console launch anticipation,1,132,0,,0.333,positive
200127,Reddit,synthetic,Once Human,r/OnceHumanGame,comment,u/Morgan_vibes,2026-07-23T21:48:00,Cash shop prices for cosmetics are honestly kind of insane for a survival game,monetization/gacha,-1,86,0,,-0.333,negative
200128,Reddit,synthetic,Once Human,r/OnceHumanGame,comment,u/Morgan99,2026-06-23T14:02:00,"Two years of waiting and it's finally coming to PS5, worth it",console launch anticipation,1,98,0,,0.333,positive
200129,Reddit,synthetic,Once Human,r/OnceHumanGame,comment,u/Reese_lol,2026-06-15T06:08:00,"Losing my base every reset season is exhausting, wish there was a permanent server",server/season fatigue,-1,71,0,,-0.333,negative
200130,Reddit,synthetic,Once Human,r/OnceHumanGame,comment,u/Skyler07,2026-06-20T15:51:00,Is the mobile version worth it or does it feel like a downgrade from PC?,new content questions,0,19,0,,0.333,positive
200131,Reddit,synthetic,Once Human,r/OnceHumanGame,comment,u/Sage_yt,2026-06-13T07:55:00,"So hyped for Aug 25, controller support better be tight though",console launch anticipation,1,106,0,,0.667,positive
200132,Reddit,synthetic,Once Human,r/OnceHumanGame,comment,u/Emerson22,2026-07-24T11:43:00,"So hyped for Aug 25, controller support better be tight though",console launch anticipation,1,72,0,,0.667,positive
200133,Reddit,synthetic,Once Human,r/OnceHumanGame,comment,u/Skyler88,2026-07-21T19:56:00,Deviant pathing is still broken in the new map area,bugs,-1,73,0,,-0.667,negative
200134,Reddit,synthetic,Once Human,r/OnceHumanGame,comment,u/Hayden99,2026-07-03T22:19:00,"The gacha weapon system is getting predatory, pulls are brutal value",monetization/gacha,-1,85,0,,-1.0,negative
200135,Reddit,synthetic,Once Human,r/OnceHumanGame,comment,u/Drew_lol,2026-06-23T15:07:00,"The gacha weapon system is getting predatory, pulls are brutal value",monetization/gacha,-1,14,0,,-1.0,negative
200136,Reddit,synthetic,Once Human,r/OnceHumanGame,comment,u/Hayden88,2026-07-16T23:44:00,Cash shop prices for cosmetics are honestly kind of insane for a survival game,monetization/gacha,-1,71,0,,-0.333,negative
200137,Reddit,synthetic,Once Human,r/OnceHumanGame,comment,u/Kai22,2026-07-15T03:53:00,"Getting disconnected mid-boss fight twice this week, lost all my loot",bugs,-1,64,0,,-0.333,negative
200138,Reddit,synthetic,Once Human,r/OnceHumanGame,comment,u/Reese99,2026-06-17T14:28:00,Server wipes every season are rough if you don't no-life the game,server/season fatigue,-1,32,0,,-0.333,negative
200139,Reddit,synthetic,Once Human,r/OnceHumanGame,comment,u/Avery_plays,2026-07-15T11:03:00,Deviant pathing is still broken in the new map area,bugs,-1,52,0,,-0.667,negative
200140,Reddit,synthetic,Once Human,r/OnceHumanGame,comment,u/DrewTTV,2026-07-25T00:03:00,"So hyped for Aug 25, controller support better be tight though",console launch anticipation,1,90,0,,0.667,positive
200141,Reddit,synthetic,Once Human,r/OnceHumanGame,comment,u/Skyler07,2026-06-17T18:13:00,Anyone know if the console version gets the same seasonal content day one?,new content questions,0,15,0,,0.0,neutral
200142,Discord,synthetic,Once Human,Once Human Community,message,Casey_vibes,2026-06-12T17:16:00,Anyone know if the console version gets the same seasonal content day one?,new content questions,0,2,0,,0.0,neutral
200143,Discord,synthetic,Once Human,Once Human Community,message,Rileyxo,2026-06-19T18:20:00,"Finally, console launch is confirmed, been waiting since the PC release",console launch anticipation,1,0,0,,0.0,neutral
200144,Discord,synthetic,Once Human,Once Human Community,message,Ellis_dev,2026-07-07T03:47:00,"Finally, console launch is confirmed, been waiting since the PC release",console launch anticipation,1,2,0,,0.0,neutral
200145,Discord,synthetic,Once Human,Once Human Community,message,Finleyxo,2026-06-18T19:02:00,Server wipes every season are rough if you don't no-life the game,server/season fatigue,-1,23,0,,-0.333,negative
200146,Discord,synthetic,Once Human,Once Human Community,message,Ellis_x,2026-07-24T13:43:00,Base building in this game is genuinely some of the best in the genre,build/base building praise,1,3,0,,0.667,positive
200147,Discord,synthetic,Once Human,Once Human Community,message,Morganxo,2026-06-24T19:09:00,Base building in this game is genuinely some of the best in the genre,build/base building praise,1,2,0,,0.667,positive
200148,Discord,synthetic,Once Human,Once Human Community,message,Finley88,2026-07-12T16:18:00,Is the mobile version worth it or does it feel like a downgrade from PC?,new content questions,0,7,0,,0.333,positive
200149,Discord,synthetic,Once Human,Once Human Community,message,Sage_x,2026-06-11T20:41:00,Base building in this game is genuinely some of the best in the genre,build/base building praise,1,24,0,,0.667,positive
200150,Discord,synthetic,Once Human,Once Human Community,message,Blair22,2026-06-18T13:21:00,Cash shop prices for cosmetics are honestly kind of insane for a survival game,monetization/gacha,-1,14,0,,-0.333,negative
200151,Discord,synthetic,Once Human,Once Human Community,message,Ellis99,2026-07-23T11:09:00,"Getting disconnected mid-boss fight twice this week, lost all my loot",bugs,-1,21,0,,-0.333,negative
200152,Discord,synthetic,Once Human,Once Human Community,message,Emerson_lol,2026-07-23T04:35:00,"Finally, console launch is confirmed, been waiting since the PC release",console launch anticipation,1,1,0,,0.0,neutral
200153,Discord,synthetic,Once Human,Once Human Community,message,Jordanxo,2026-06-30T11:55:00,Is the mobile version worth it or does it feel like a downgrade from PC?,new content questions,0,6,0,,0.333,positive
200154,Discord,synthetic,Once Human,Once Human Community,message,Ellis_plays,2026-07-10T16:13:00,Is the mobile version worth it or does it feel like a downgrade from PC?,new content questions,0,2,0,,0.333,positive
200155,Discord,synthetic,Once Human,Once Human Community,message,Emerson_plays,2026-06-27T03:48:00,"So hyped for Aug 25, controller support better be tight though",console launch anticipation,1,8,0,,0.667,positive
200156,Discord,synthetic,Once Human,Once Human Community,message,Rileyxo,2026-07-16T22:17:00,Base building in this game is genuinely some of the best in the genre,build/base building praise,1,0,0,,0.667,positive
200157,Discord,synthetic,Once Human,Once Human Community,message,Emerson_vibes,2026-06-26T00:11:00,Deviant pathing is still broken in the new map area,bugs,-1,4,0,,-0.667,negative
200158,Discord,synthetic,Once Human,Once Human Community,message,Taylor22,2026-06-05T02:47:00,Base building in this game is genuinely some of the best in the genre,build/base building praise,1,16,0,,0.667,positive
200159,Discord,synthetic,Once Human,Once Human Community,message,JordanTTV,2026-07-23T18:38:00,"Spent 6 hours just decorating my base, this system is so addictive",build/base building praise,1,2,0,,0.333,positive
200160,Discord,synthetic,Once Human,Once Human Community,message,Ellis88,2026-06-21T14:42:00,"The gacha weapon system is getting predatory, pulls are brutal value",monetization/gacha,-1,13,0,,-1.0,negative
200161,Discord,synthetic,Once Human,Once Human Community,message,Quinn_vibes,2026-06-11T11:27:00,"Spent 6 hours just decorating my base, this system is so addictive",build/base building praise,1,3,0,,0.333,positive
200162,Discord,synthetic,Once Human,Once Human Community,message,Kai_gg,2026-06-23T01:14:00,Deviant pathing is still broken in the new map area,bugs,-1,12,0,,-0.667,negative
200163,Discord,synthetic,Once Human,Once Human Community,message,Casey_gg,2026-07-22T08:18:00,"Finally, console launch is confirmed, been waiting since the PC release",console launch anticipation,1,10,0,,0.0,neutral
200164,Discord,synthetic,Once Human,Once Human Community,message,Reese99,2026-07-22T16:35:00,"Spent 6 hours just decorating my base, this system is so addictive",build/base building praise,1,21,0,,0.333,positive
200165,Discord,synthetic,Once Human,Once Human Community,message,Emerson22,2026-07-03T02:55:00,Base building in this game is genuinely some of the best in the genre,build/base building praise,1,10,0,,0.667,positive
200166,Discord,synthetic,Once Human,Once Human Community,message,Alex_yt,2026-06-30T09:07:00,Is the mobile version worth it or does it feel like a downgrade from PC?,new content questions,0,6,0,,0.333,positive
200167,Discord,synthetic,Once Human,Once Human Community,message,Drew22,2026-06-27T02:27:00,Cash shop prices for cosmetics are honestly kind of insane for a survival game,monetization/gacha,-1,3,0,,-0.333,negative
200168,Discord,synthetic,Once Human,Once Human Community,message,Drew_yt,2026-06-29T09:47:00,Is the mobile version worth it or does it feel like a downgrade from PC?,new content questions,0,5,0,,0.333,positive
200169,Discord,synthetic,Once Human,Once Human Community,message,Reese_yt,2026-06-11T16:32:00,"The gacha weapon system is getting predatory, pulls are brutal value",monetization/gacha,-1,6,0,,-1.0,negative
200170,Discord,synthetic,Once Human,Once Human Community,message,SamTTV,2026-07-22T05:38:00,"Getting disconnected mid-boss fight twice this week, lost all my loot",bugs,-1,4,0,,-0.333,negative
200171,Discord,synthetic,Once Human,Once Human Community,message,Emerson_vibes,2026-07-10T18:28:00,Deviant pathing is still broken in the new map area,bugs,-1,21,0,,-0.667,negative
200172,Reddit,synthetic,Marvel Rivals,r/marvelrivals,post,u/Rowan_vibes,2026-07-14T10:09:00,One-trick counter picks are ruining competitive integrity right now,ranked complaints,-1,235,16,,0.0,neutral
200173,Reddit,synthetic,Marvel Rivals,r/marvelrivals,post,u/Jordan_gg,2026-06-26T16:04:00,"Matchmaking keeps stacking smurfs against new accounts, terrible experience",netcode/matchmaking,-1,168,31,,-0.667,negative
200174,Reddit,synthetic,Marvel Rivals,r/marvelrivals,post,u/Rowan88,2026-07-28T02:39:00,"Matchmaking keeps stacking smurfs against new accounts, terrible experience",netcode/matchmaking,-1,314,63,,-0.667,negative
200175,Reddit,synthetic,Marvel Rivals,r/marvelrivals,post,u/Ellis_lol,2026-07-25T18:41:00,Rank reset this season feels way too punishing compared to last one,ranked complaints,-1,106,15,,-0.333,negative
200176,Reddit,synthetic,Marvel Rivals,r/marvelrivals,post,u/Riley_gg,2026-07-25T10:45:00,"Jubilee's kit looks so much fun, finally a mobility duelist done right",new character hype,1,126,25,,0.333,positive
200177,Reddit,synthetic,Marvel Rivals,r/marvelrivals,post,u/Quinn22,2026-07-07T16:39:00,"Season 9 roster additions are genuinely creative, love the character design work",new character hype,1,202,32,,0.667,positive
200178,Reddit,synthetic,Marvel Rivals,r/marvelrivals,post,u/Casey_lol,2026-06-07T20:41:00,Would love to see an X-Men themed map added with the new roster additions,comic/crossover speculation,0,90,6,,0.667,positive
200179,Reddit,synthetic,Marvel Rivals,r/marvelrivals,post,u/Emerson_vibes,2026-07-16T19:55:00,Movement tech in this game keeps it feeling fresh months after launch,praise,1,193,28,,0.333,positive
200180,Reddit,synthetic,Marvel Rivals,r/marvelrivals,post,u/Samxo,2026-07-16T12:08:00,"Season 9 roster additions are genuinely creative, love the character design work",new character hype,1,649,170,,0.667,positive
200181,Reddit,synthetic,Marvel Rivals,r/marvelrivals,post,u/Finley99,2026-06-25T04:42:00,One-trick counter picks are ruining competitive integrity right now,ranked complaints,-1,369,110,,0.0,neutral
200182,Reddit,synthetic,Marvel Rivals,r/marvelrivals,post,u/Skyler07,2026-06-05T11:19:00,Movement tech in this game keeps it feeling fresh months after launch,praise,1,224,75,,0.333,positive
200183,Reddit,synthetic,Marvel Rivals,r/marvelrivals,post,u/Sage_og,2026-07-07T09:54:00,"Calling it now, Ghost Rider gets announced next season",comic/crossover speculation,0,30,6,,0.0,neutral
200184,Reddit,synthetic,Marvel Rivals,r/marvelrivals,post,u/RileyTTV,2026-07-30T19:08:00,"Best hero shooter to come out in years, the character variety is unmatched",praise,1,651,106,,1.0,positive
200185,Reddit,synthetic,Marvel Rivals,r/marvelrivals,post,u/Rowan88,2026-06-06T13:23:00,"Best hero shooter to come out in years, the character variety is unmatched",praise,1,732,194,,1.0,positive
200186,Reddit,synthetic,Marvel Rivals,r/marvelrivals,post,u/Rowan_dev,2026-07-10T06:23:00,"Matchmaking keeps stacking smurfs against new accounts, terrible experience",netcode/matchmaking,-1,357,119,,-0.667,negative
200187,Reddit,synthetic,Marvel Rivals,r/marvelrivals,post,u/Morgan_og,2026-06-30T05:52:00,"Matchmaking keeps stacking smurfs against new accounts, terrible experience",netcode/matchmaking,-1,112,32,,-0.667,negative
200188,Reddit,synthetic,Marvel Rivals,r/marvelrivals,post,u/Finley_og,2026-07-29T11:35:00,"Rubberbanding has gotten worse since the update, unplayable in ranked",netcode/matchmaking,-1,488,39,,-0.667,negative
200189,Reddit,synthetic,Marvel Rivals,r/marvelrivals,post,u/Drew_og,2026-07-10T16:09:00,Whoever buffed that duelist needs to actually play the game before shipping changes,balance patch reaction,-1,435,78,,0.0,neutral
200190,Reddit,synthetic,Marvel Rivals,r/marvelrivals,post,u/Blair99,2026-06-30T01:25:00,Would love to see an X-Men themed map added with the new roster additions,comic/crossover speculation,0,133,21,,0.667,positive
200191,Reddit,synthetic,Marvel Rivals,r/marvelrivals,post,u/Morgan_gg,2026-07-27T22:41:00,"Rubberbanding has gotten worse since the update, unplayable in ranked",netcode/matchmaking,-1,181,52,,-0.667,negative
200192,Reddit,synthetic,Marvel Rivals,r/marvelrivals,post,u/Sam_gg,2026-06-12T22:30:00,"Matchmaking keeps stacking smurfs against new accounts, terrible experience",netcode/matchmaking,-1,239,56,,-0.667,negative
200193,Reddit,synthetic,Marvel Rivals,r/marvelrivals,post,u/Quinn_plays,2026-07-09T23:38:00,"Rubberbanding has gotten worse since the update, unplayable in ranked",netcode/matchmaking,-1,280,49,,-0.667,negative
200194,Reddit,synthetic,Marvel Rivals,r/marvelrivals,post,u/Ellis88,2026-07-11T14:04:00,"Rubberbanding has gotten worse since the update, unplayable in ranked",netcode/matchmaking,-1,66,19,,-0.667,negative
200195,Reddit,synthetic,Marvel Rivals,r/marvelrivals,post,u/Alex88,2026-07-10T07:45:00,Rank reset this season feels way too punishing compared to last one,ranked complaints,-1,83,11,,-0.333,negative
200196,Reddit,synthetic,Marvel Rivals,r/marvelrivals,post,u/Reese99,2026-06-15T21:42:00,"Rubberbanding has gotten worse since the update, unplayable in ranked",netcode/matchmaking,-1,53,10,,-0.667,negative
200197,Reddit,synthetic,Marvel Rivals,r/marvelrivals,post,u/Avery_x,2026-07-04T01:40:00,Rank reset this season feels way too punishing compared to last one,ranked complaints,-1,208,71,,-0.333,negative
200198,Reddit,synthetic,Marvel Rivals,r/marvelrivals,post,u/Emerson_x,2026-06-26T07:46:00,Whoever buffed that duelist needs to actually play the game before shipping changes,balance patch reaction,-1,346,82,,0.0,neutral
200199,Reddit,synthetic,Marvel Rivals,r/marvelrivals,comment,u/Ellis_vibes,2026-06-25T20:11:00,"Jubilee's kit looks so much fun, finally a mobility duelist done right",new character hype,1,123,0,,0.333,positive
200200,Reddit,synthetic,Marvel Rivals,r/marvelrivals,comment,u/Jordan07,2026-07-03T01:18:00,"Jubilee's kit looks so much fun, finally a mobility duelist done right",new character hype,1,56,0,,0.333,positive
200201,Reddit,synthetic,Marvel Rivals,r/marvelrivals,comment,u/Jordan07,2026-07-10T17:30:00,"Jubilee's kit looks so much fun, finally a mobility duelist done right",new character hype,1,69,0,,0.333,positive
200202,Reddit,synthetic,Marvel Rivals,r/marvelrivals,comment,u/Casey07,2026-06-07T20:21:00,"Best hero shooter to come out in years, the character variety is unmatched",praise,1,74,0,,1.0,positive
200203,Reddit,synthetic,Marvel Rivals,r/marvelrivals,comment,u/SkylerTTV,2026-07-21T14:57:00,"Matchmaking keeps stacking smurfs against new accounts, terrible experience",netcode/matchmaking,-1,51,0,,-0.667,negative
200204,Reddit,synthetic,Marvel Rivals,r/marvelrivals,comment,u/Hayden99,2026-07-25T16:17:00,Would love to see an X-Men themed map added with the new roster additions,comic/crossover speculation,0,6,0,,0.667,positive
200205,Reddit,synthetic,Marvel Rivals,r/marvelrivals,comment,u/Quinnxo,2026-06-24T03:05:00,"Calling it now, Ghost Rider gets announced next season",comic/crossover speculation,0,21,0,,0.0,neutral
200206,Reddit,synthetic,Marvel Rivals,r/marvelrivals,comment,u/Kai22,2026-07-10T01:46:00,Would love to see an X-Men themed map added with the new roster additions,comic/crossover speculation,0,23,0,,0.667,positive
200207,Reddit,synthetic,Marvel Rivals,r/marvelrivals,comment,u/Riley_gg,2026-06-27T16:51:00,"Rubberbanding has gotten worse since the update, unplayable in ranked",netcode/matchmaking,-1,88,0,,-0.667,negative
200208,Reddit,synthetic,Marvel Rivals,r/marvelrivals,comment,u/Jordan88,2026-07-09T11:24:00,"Season 9 roster additions are genuinely creative, love the character design work",new character hype,1,150,0,,0.667,positive
200209,Reddit,synthetic,Marvel Rivals,r/marvelrivals,comment,u/EmersonTTV,2026-06-27T14:48:00,"Season 9 roster additions are genuinely creative, love the character design work",new character hype,1,24,0,,0.667,positive
200210,Reddit,synthetic,Marvel Rivals,r/marvelrivals,comment,u/Alex_x,2026-07-15T08:15:00,One-trick counter picks are ruining competitive integrity right now,ranked complaints,-1,16,0,,0.0,neutral
200211,Reddit,synthetic,Marvel Rivals,r/marvelrivals,comment,u/Rowan_plays,2026-07-09T03:16:00,"Season 9 roster additions are genuinely creative, love the character design work",new character hype,1,71,0,,0.667,positive
200212,Reddit,synthetic,Marvel Rivals,r/marvelrivals,comment,u/Sam_dev,2026-07-05T06:07:00,One-trick counter picks are ruining competitive integrity right now,ranked complaints,-1,19,0,,0.0,neutral
200213,Reddit,synthetic,Marvel Rivals,r/marvelrivals,comment,u/Reese_x,2026-07-25T21:54:00,"Season 9 roster additions are genuinely creative, love the character design work",new character hype,1,86,0,,0.667,positive
200214,Reddit,synthetic,Marvel Rivals,r/marvelrivals,comment,u/Riley07,2026-07-28T05:45:00,Whoever buffed that duelist needs to actually play the game before shipping changes,balance patch reaction,-1,83,0,,0.0,neutral
200215,Reddit,synthetic,Marvel Rivals,r/marvelrivals,comment,u/Alex_yt,2026-07-08T07:50:00,"Rubberbanding has gotten worse since the update, unplayable in ranked",netcode/matchmaking,-1,65,0,,-0.667,negative
200216,Reddit,synthetic,Marvel Rivals,r/marvelrivals,comment,u/Samxo,2026-07-09T04:39:00,One-trick counter picks are ruining competitive integrity right now,ranked complaints,-1,13,0,,0.0,neutral
200217,Reddit,synthetic,Marvel Rivals,r/marvelrivals,comment,u/SamTTV,2026-07-23T13:52:00,Would love to see an X-Men themed map added with the new roster additions,comic/crossover speculation,0,37,0,,0.667,positive
200218,Reddit,synthetic,Marvel Rivals,r/marvelrivals,comment,u/Sage_vibes,2026-07-17T16:22:00,"Rubberbanding has gotten worse since the update, unplayable in ranked",netcode/matchmaking,-1,18,0,,-0.667,negative
200219,Reddit,synthetic,Marvel Rivals,r/marvelrivals,comment,u/Casey_lol,2026-06-12T13:32:00,Rank reset this season feels way too punishing compared to last one,ranked complaints,-1,9,0,,-0.333,negative
200220,Reddit,synthetic,Marvel Rivals,r/marvelrivals,comment,u/Samxo,2026-07-08T11:33:00,"Season 9 roster additions are genuinely creative, love the character design work",new character hype,1,77,0,,0.667,positive
200221,Reddit,synthetic,Marvel Rivals,r/marvelrivals,comment,u/Emerson88,2026-07-11T02:32:00,"Season 9 roster additions are genuinely creative, love the character design work",new character hype,1,48,0,,0.667,positive
200222,Reddit,synthetic,Marvel Rivals,r/marvelrivals,comment,u/Jordan_og,2026-07-20T19:21:00,"Jubilee's kit looks so much fun, finally a mobility duelist done right",new character hype,1,149,0,,0.333,positive
200223,Reddit,synthetic,Marvel Rivals,r/marvelrivals,comment,u/Emerson22,2026-07-10T08:41:00,"This balance patch absolutely gutted my main, unplayable now",balance patch reaction,-1,28,0,,-1.0,negative
200224,Reddit,synthetic,Marvel Rivals,r/marvelrivals,comment,u/Quinn_dev,2026-07-14T17:18:00,Rank reset this season feels way too punishing compared to last one,ranked complaints,-1,84,0,,-0.333,negative
200225,Reddit,synthetic,Marvel Rivals,r/marvelrivals,comment,u/Ellis_dev,2026-07-07T05:28:00,"Season 9 roster additions are genuinely creative, love the character design work",new character hype,1,111,0,,0.667,positive
200226,Reddit,synthetic,Marvel Rivals,r/marvelrivals,comment,u/BlairTTV,2026-06-24T22:20:00,"Season 9 roster additions are genuinely creative, love the character design work",new character hype,1,93,0,,0.667,positive
200227,Reddit,synthetic,Marvel Rivals,r/marvelrivals,comment,u/Casey_gg,2026-07-09T14:15:00,"Rubberbanding has gotten worse since the update, unplayable in ranked",netcode/matchmaking,-1,20,0,,-0.667,negative
200228,Reddit,synthetic,Marvel Rivals,r/marvelrivals,comment,u/Skyler88,2026-06-30T07:55:00,"Matchmaking keeps stacking smurfs against new accounts, terrible experience",netcode/matchmaking,-1,22,0,,-0.667,negative
200229,Reddit,synthetic,Marvel Rivals,r/marvelrivals,comment,u/Ellis_gg,2026-07-11T14:31:00,Movement tech in this game keeps it feeling fresh months after launch,praise,1,83,0,,0.333,positive
200230,Reddit,synthetic,Marvel Rivals,r/marvelrivals,comment,u/Jordan_gg,2026-06-19T06:37:00,Whoever buffed that duelist needs to actually play the game before shipping changes,balance patch reaction,-1,47,0,,0.0,neutral
200231,Reddit,synthetic,Marvel Rivals,r/marvelrivals,comment,u/Quinn_lol,2026-07-27T20:43:00,"Matchmaking keeps stacking smurfs against new accounts, terrible experience",netcode/matchmaking,-1,62,0,,-0.667,negative
200232,Reddit,synthetic,Marvel Rivals,r/marvelrivals,comment,u/Blair_yt,2026-07-30T08:46:00,"This balance patch absolutely gutted my main, unplayable now",balance patch reaction,-1,48,0,,-1.0,negative
200233,Reddit,synthetic,Marvel Rivals,r/marvelrivals,comment,u/Blair_lol,2026-06-27T17:18:00,Whoever buffed that duelist needs to actually play the game before shipping changes,balance patch reaction,-1,11,0,,0.0,neutral
200234,Discord,synthetic,Marvel Rivals,Marvel Rivals Community,message,Morgan99,2026-07-13T21:39:00,One-trick counter picks are ruining competitive integrity right now,ranked complaints,-1,3,0,,0.0,neutral
200235,Discord,synthetic,Marvel Rivals,Marvel Rivals Community,message,Taylor88,2026-06-25T17:23:00,Would love to see an X-Men themed map added with the new roster additions,comic/crossover speculation,0,2,0,,0.667,positive
200236,Discord,synthetic,Marvel Rivals,Marvel Rivals Community,message,Skyler07,2026-06-06T01:08:00,One-trick counter picks are ruining competitive integrity right now,ranked complaints,-1,22,0,,0.0,neutral
200237,Discord,synthetic,Marvel Rivals,Marvel Rivals Community,message,Riley22,2026-06-12T10:59:00,Would love to see an X-Men themed map added with the new roster additions,comic/crossover speculation,0,5,0,,0.667,positive
200238,Discord,synthetic,Marvel Rivals,Marvel Rivals Community,message,Emersonxo,2026-07-06T16:34:00,One-trick counter picks are ruining competitive integrity right now,ranked complaints,-1,15,0,,0.0,neutral
200239,Discord,synthetic,Marvel Rivals,Marvel Rivals Community,message,Alex88,2026-07-17T03:26:00,"Calling it now, Ghost Rider gets announced next season",comic/crossover speculation,0,4,0,,0.0,neutral
200240,Discord,synthetic,Marvel Rivals,Marvel Rivals Community,message,Jordan88,2026-07-24T18:36:00,Would love to see an X-Men themed map added with the new roster additions,comic/crossover speculation,0,3,0,,0.667,positive
200241,Discord,synthetic,Marvel Rivals,Marvel Rivals Community,message,Morgan_og,2026-07-20T19:49:00,"Calling it now, Ghost Rider gets announced next season",comic/crossover speculation,0,6,0,,0.0,neutral
200242,Discord,synthetic,Marvel Rivals,Marvel Rivals Community,message,Skyler22,2026-06-11T06:01:00,"Best hero shooter to come out in years, the character variety is unmatched",praise,1,14,0,,1.0,positive
200243,Discord,synthetic,Marvel Rivals,Marvel Rivals Community,message,Ellis_og,2026-06-30T16:49:00,"Season 9 roster additions are genuinely creative, love the character design work",new character hype,1,19,0,,0.667,positive
200244,Discord,synthetic,Marvel Rivals,Marvel Rivals Community,message,Ellis_lol,2026-07-07T06:35:00,"Best hero shooter to come out in years, the character variety is unmatched",praise,1,10,0,,1.0,positive
200245,Discord,synthetic,Marvel Rivals,Marvel Rivals Community,message,Reese_vibes,2026-07-03T17:21:00,Would love to see an X-Men themed map added with the new roster additions,comic/crossover speculation,0,8,0,,0.667,positive
200246,Discord,synthetic,Marvel Rivals,Marvel Rivals Community,message,Quinn_plays,2026-06-16T07:17:00,Movement tech in this game keeps it feeling fresh months after launch,praise,1,17,0,,0.333,positive
200247,Discord,synthetic,Marvel Rivals,Marvel Rivals Community,message,Ellis_yt,2026-07-18T22:31:00,"Matchmaking keeps stacking smurfs against new accounts, terrible experience",netcode/matchmaking,-1,10,0,,-0.667,negative
200248,Discord,synthetic,Marvel Rivals,Marvel Rivals Community,message,Reese07,2026-07-08T12:57:00,One-trick counter picks are ruining competitive integrity right now,ranked complaints,-1,12,0,,0.0,neutral
200249,Discord,synthetic,Marvel Rivals,Marvel Rivals Community,message,Avery_x,2026-06-09T11:59:00,"Season 9 roster additions are genuinely creative, love the character design work",new character hype,1,14,0,,0.667,positive
200250,Discord,synthetic,Marvel Rivals,Marvel Rivals Community,message,Casey88,2026-07-11T22:17:00,"Calling it now, Ghost Rider gets announced next season",comic/crossover speculation,0,2,0,,0.0,neutral
200251,Discord,synthetic,Marvel Rivals,Marvel Rivals Community,message,Jordan99,2026-07-07T07:40:00,"Best hero shooter to come out in years, the character variety is unmatched",praise,1,7,0,,1.0,positive
200252,Discord,synthetic,Marvel Rivals,Marvel Rivals Community,message,Alex_lol,2026-06-10T21:49:00,Would love to see an X-Men themed map added with the new roster additions,comic/crossover speculation,0,2,0,,0.667,positive
200253,Discord,synthetic,Marvel Rivals,Marvel Rivals Community,message,Taylor07,2026-07-30T15:30:00,"Season 9 roster additions are genuinely creative, love the character design work",new character hype,1,20,0,,0.667,positive
200254,Discord,synthetic,Marvel Rivals,Marvel Rivals Community,message,Sage_x,2026-07-07T20:36:00,"Matchmaking keeps stacking smurfs against new accounts, terrible experience",netcode/matchmaking,-1,7,0,,-0.667,negative
200255,Discord,synthetic,Marvel Rivals,Marvel Rivals Community,message,Jordan_og,2026-06-15T13:56:00,"Best hero shooter to come out in years, the character variety is unmatched",praise,1,5,0,,1.0,positive
200256,Discord,synthetic,Marvel Rivals,Marvel Rivals Community,message,Alexxo,2026-07-29T09:56:00,Would love to see an X-Men themed map added with the new roster additions,comic/crossover speculation,0,0,0,,0.667,positive
200257,Discord,synthetic,Marvel Rivals,Marvel Rivals Community,message,Sage_lol,2026-06-25T09:29:00,Rank reset this season feels way too punishing compared to last one,ranked complaints,-1,20,0,,-0.333,negative
200258,Discord,synthetic,Marvel Rivals,Marvel Rivals Community,message,SkylerTTV,2026-07-03T08:12:00,"Calling it now, Ghost Rider gets announced next season",comic/crossover speculation,0,1,0,,0.0,neutral
200259,Discord,synthetic,Marvel Rivals,Marvel Rivals Community,message,Skyler07,2026-07-19T05:00:00,Movement tech in this game keeps it feeling fresh months after launch,praise,1,23,0,,0.333,positive
200260,Discord,synthetic,Marvel Rivals,Marvel Rivals Community,message,Sam22,2026-06-29T13:32:00,"Rubberbanding has gotten worse since the update, unplayable in ranked",netcode/matchmaking,-1,10,0,,-0.667,negative
200261,Discord,synthetic,Marvel Rivals,Marvel Rivals Community,message,Blair_plays,2026-07-09T07:00:00,"Best hero shooter to come out in years, the character variety is unmatched",praise,1,8,0,,1.0,positive
200262,Discord,synthetic,Marvel Rivals,Marvel Rivals Community,message,Avery_vibes,2026-06-23T18:46:00,Would love to see an X-Men themed map added with the new roster additions,comic/crossover speculation,0,0,0,,0.667,positive
200263,Discord,synthetic,Marvel Rivals,Marvel Rivals Community,message,Finley_x,2026-07-09T05:25:00,"Rubberbanding has gotten worse since the update, unplayable in ranked",netcode/matchmaking,-1,21,0,,-0.667,negative
200264,Discord,synthetic,Marvel Rivals,Marvel Rivals Community,message,DrewTTV,2026-06-22T11:39:00,"Rubberbanding has gotten worse since the update, unplayable in ranked",netcode/matchmaking,-1,7,0,,-0.667,negative
200265,Discord,synthetic,Marvel Rivals,Marvel Rivals Community,message,Ellis07,2026-07-12T11:26:00,"Calling it now, Ghost Rider gets announced next season",comic/crossover speculation,0,8,0,,0.0,neutral
200266,Discord,synthetic,Marvel Rivals,Marvel Rivals Community,message,Sam_lol,2026-07-17T19:55:00,Rank reset this season feels way too punishing compared to last one,ranked complaints,-1,25,0,,-0.333,negative
200267,Discord,synthetic,Marvel Rivals,Marvel Rivals Community,message,Taylor88,2026-06-07T17:57:00,Would love to see an X-Men themed map added with the new roster additions,comic/crossover speculation,0,8,0,,0.667,positive
200268,Discord,synthetic,Marvel Rivals,Marvel Rivals Community,message,Emerson_dev,2026-07-02T03:43:00,Rank reset this season feels way too punishing compared to last one,ranked complaints,-1,6,0,,-0.333,negative
200269,Reddit,synthetic,Where Winds Meet,r/WhereWindsMeet,post,u/Jordan_lol,2026-07-03T04:32:00,What's the fastest way to level reputation with the current faction event?,community questions,0,111,20,,0.0,neutral
200270,Reddit,synthetic,Where Winds Meet,r/WhereWindsMeet,post,u/Emerson99,2026-06-29T08:52:00,Is the story worth following closely or mostly just an excuse for combat?,comparisons,0,5,1,,0.333,positive
200271,Reddit,synthetic,Where Winds Meet,r/WhereWindsMeet,post,u/HaydenTTV,2026-06-23T02:59:00,"Combat feels like a genuine mix of Sekiro and Wukong, really well done",open world praise,1,523,31,,0.333,positive
200272,Reddit,synthetic,Where Winds Meet,r/WhereWindsMeet,post,u/Blair99,2026-06-28T14:55:00,"Battle pass FOMO is real, missed two weeks and feel behind already",monetization concerns,-1,479,154,,-0.333,negative
200273,Reddit,synthetic,Where Winds Meet,r/WhereWindsMeet,post,u/Morgan_x,2026-06-26T03:11:00,Genuinely surprised by how much content is here for a free-to-play title,praise,1,590,99,,0.0,neutral
200274,Reddit,synthetic,Where Winds Meet,r/WhereWindsMeet,post,u/Sage22,2026-06-23T14:43:00,Cosmetic gacha rates are pretty rough for a supposedly free game,monetization concerns,-1,378,80,,-0.333,negative
200275,Reddit,synthetic,Where Winds Meet,r/WhereWindsMeet,post,u/Casey_gg,2026-06-13T08:12:00,Cosmetic gacha rates are pretty rough for a supposedly free game,monetization concerns,-1,489,152,,-0.333,negative
200276,Reddit,synthetic,Where Winds Meet,r/WhereWindsMeet,post,u/Kai_gg,2026-07-30T00:15:00,"The activities outside combat (cooking, fishing, sightseeing) add so much charm",praise,1,251,17,,0.333,positive
200277,Reddit,synthetic,Where Winds Meet,r/WhereWindsMeet,post,u/JordanTTV,2026-06-26T07:34:00,How does this compare to Wukong difficulty-wise for anyone who's played both?,comparisons,0,60,16,,0.0,neutral
200278,Reddit,synthetic,Where Winds Meet,r/WhereWindsMeet,post,u/Skyler_plays,2026-07-10T10:36:00,What's the fastest way to level reputation with the current faction event?,community questions,0,158,44,,0.0,neutral
200279,Reddit,synthetic,Where Winds Meet,r/WhereWindsMeet,post,u/Sage88,2026-07-07T07:26:00,Queue times at peak hours are still 20+ minutes on my server,server queue/launch issues,-1,163,21,,0.0,neutral
200280,Reddit,synthetic,Where Winds Meet,r/WhereWindsMeet,post,u/Blair07,2026-07-01T17:31:00,Genuinely surprised by how much content is here for a free-to-play title,praise,1,88,30,,0.0,neutral
200281,Reddit,synthetic,Where Winds Meet,r/WhereWindsMeet,post,u/Sage_dev,2026-06-30T04:19:00,What's the fastest way to level reputation with the current faction event?,community questions,0,101,10,,0.0,neutral
200282,Reddit,synthetic,Where Winds Meet,r/WhereWindsMeet,post,u/Hayden_lol,2026-07-25T14:58:00,Cosmetic gacha rates are pretty rough for a supposedly free game,monetization concerns,-1,39,8,,-0.333,negative
200283,Reddit,synthetic,Where Winds Meet,r/WhereWindsMeet,post,u/Rowan_og,2026-06-20T06:21:00,Anyone know the best early build for a sword-focused playstyle?,community questions,0,170,12,,0.667,positive
200284,Reddit,synthetic,Where Winds Meet,r/WhereWindsMeet,post,u/Kai88,2026-07-27T06:03:00,Queue times at peak hours are still 20+ minutes on my server,server queue/launch issues,-1,147,23,,0.0,neutral
200285,Reddit,synthetic,Where Winds Meet,r/WhereWindsMeet,post,u/Skylerxo,2026-07-20T21:35:00,"The open world design is stunning, best wuxia setting I've played in years",open world praise,1,262,50,,1.0,positive
200286,Reddit,synthetic,Where Winds Meet,r/WhereWindsMeet,post,u/Drew_x,2026-07-21T03:47:00,"The open world design is stunning, best wuxia setting I've played in years",open world praise,1,812,157,,1.0,positive
200287,Reddit,synthetic,Where Winds Meet,r/WhereWindsMeet,post,u/Sage_vibes,2026-06-19T17:20:00,Anyone know the best early build for a sword-focused playstyle?,community questions,0,77,12,,0.667,positive
200288,Reddit,synthetic,Where Winds Meet,r/WhereWindsMeet,post,u/Ellis07,2026-06-26T14:06:00,Login server crashed twice this week during the event,server queue/launch issues,-1,421,144,,-0.333,negative
200289,Reddit,synthetic,Where Winds Meet,r/WhereWindsMeet,post,u/Morgan_gg,2026-06-30T01:36:00,Queue times at peak hours are still 20+ minutes on my server,server queue/launch issues,-1,452,52,,0.0,neutral
200290,Reddit,synthetic,Where Winds Meet,r/WhereWindsMeet,post,u/Sage_vibes,2026-06-24T12:36:00,Login server crashed twice this week during the event,server queue/launch issues,-1,436,53,,-0.333,negative
200291,Reddit,synthetic,Where Winds Meet,r/WhereWindsMeet,comment,u/RowanTTV,2026-07-05T23:41:00,Login server crashed twice this week during the event,server queue/launch issues,-1,64,0,,-0.333,negative
200292,Reddit,synthetic,Where Winds Meet,r/WhereWindsMeet,comment,u/Jordan_lol,2026-07-05T05:58:00,"The activities outside combat (cooking, fishing, sightseeing) add so much charm",praise,1,143,0,,0.333,positive
200293,Reddit,synthetic,Where Winds Meet,r/WhereWindsMeet,comment,u/HaydenTTV,2026-07-16T01:48:00,"The open world design is stunning, best wuxia setting I've played in years",open world praise,1,6,0,,1.0,positive
200294,Reddit,synthetic,Where Winds Meet,r/WhereWindsMeet,comment,u/Jordan88,2026-06-24T16:29:00,Genuinely surprised by how much content is here for a free-to-play title,praise,1,100,0,,0.0,neutral
200295,Reddit,synthetic,Where Winds Meet,r/WhereWindsMeet,comment,u/Hayden_gg,2026-06-05T00:34:00,"The activities outside combat (cooking, fishing, sightseeing) add so much charm",praise,1,146,0,,0.333,positive
200296,Reddit,synthetic,Where Winds Meet,r/WhereWindsMeet,comment,u/Riley99,2026-06-22T00:32:00,"Combat feels like a genuine mix of Sekiro and Wukong, really well done",open world praise,1,115,0,,0.333,positive
200297,Reddit,synthetic,Where Winds Meet,r/WhereWindsMeet,comment,u/Sam_yt,2026-06-20T11:17:00,"The open world design is stunning, best wuxia setting I've played in years",open world praise,1,106,0,,1.0,positive
200298,Reddit,synthetic,Where Winds Meet,r/WhereWindsMeet,comment,u/Jordan99,2026-07-18T07:19:00,Is the story worth following closely or mostly just an excuse for combat?,comparisons,0,6,0,,0.333,positive
200299,Reddit,synthetic,Where Winds Meet,r/WhereWindsMeet,comment,u/Riley99,2026-07-04T01:40:00,Is the story worth following closely or mostly just an excuse for combat?,comparisons,0,1,0,,0.333,positive
200300,Reddit,synthetic,Where Winds Meet,r/WhereWindsMeet,comment,u/Finley_gg,2026-06-25T18:54:00,Is the story worth following closely or mostly just an excuse for combat?,comparisons,0,7,0,,0.333,positive
200301,Reddit,synthetic,Where Winds Meet,r/WhereWindsMeet,comment,u/Jordan99,2026-07-18T18:30:00,Cosmetic gacha rates are pretty rough for a supposedly free game,monetization concerns,-1,36,0,,-0.333,negative
200302,Reddit,synthetic,Where Winds Meet,r/WhereWindsMeet,comment,u/Skyler_gg,2026-07-10T21:02:00,"The activities outside combat (cooking, fishing, sightseeing) add so much charm",praise,1,50,0,,0.333,positive
200303,Reddit,synthetic,Where Winds Meet,r/WhereWindsMeet,comment,u/QuinnTTV,2026-07-19T12:59:00,Cosmetic gacha rates are pretty rough for a supposedly free game,monetization concerns,-1,11,0,,-0.333,negative
200304,Reddit,synthetic,Where Winds Meet,r/WhereWindsMeet,comment,u/Skyler22,2026-07-28T12:43:00,Anyone know the best early build for a sword-focused playstyle?,community questions,0,35,0,,0.667,positive
200305,Reddit,synthetic,Where Winds Meet,r/WhereWindsMeet,comment,u/Reese_gg,2026-07-18T23:05:00,Genuinely surprised by how much content is here for a free-to-play title,praise,1,133,0,,0.0,neutral
200306,Reddit,synthetic,Where Winds Meet,r/WhereWindsMeet,comment,u/Skyler_gg,2026-06-27T19:38:00,"Combat feels like a genuine mix of Sekiro and Wukong, really well done",open world praise,1,106,0,,0.333,positive
200307,Reddit,synthetic,Where Winds Meet,r/WhereWindsMeet,comment,u/Sage22,2026-07-02T15:14:00,"The activities outside combat (cooking, fishing, sightseeing) add so much charm",praise,1,96,0,,0.333,positive
200308,Reddit,synthetic,Where Winds Meet,r/WhereWindsMeet,comment,u/Quinn07,2026-07-16T12:05:00,How does this compare to Wukong difficulty-wise for anyone who's played both?,comparisons,0,40,0,,0.0,neutral
200309,Reddit,synthetic,Where Winds Meet,r/WhereWindsMeet,comment,u/Reese99,2026-06-24T23:24:00,Cosmetic gacha rates are pretty rough for a supposedly free game,monetization concerns,-1,42,0,,-0.333,negative
200310,Reddit,synthetic,Where Winds Meet,r/WhereWindsMeet,comment,u/CaseyTTV,2026-07-02T11:48:00,"The open world design is stunning, best wuxia setting I've played in years",open world praise,1,74,0,,1.0,positive
200311,Reddit,synthetic,Where Winds Meet,r/WhereWindsMeet,comment,u/Casey_gg,2026-07-09T17:32:00,"The open world design is stunning, best wuxia setting I've played in years",open world praise,1,109,0,,1.0,positive
200312,Reddit,synthetic,Where Winds Meet,r/WhereWindsMeet,comment,u/Blair_gg,2026-07-12T19:50:00,"Combat feels like a genuine mix of Sekiro and Wukong, really well done",open world praise,1,88,0,,0.333,positive
200313,Reddit,synthetic,Where Winds Meet,r/WhereWindsMeet,comment,u/Drew88,2026-06-09T23:57:00,Login server crashed twice this week during the event,server queue/launch issues,-1,73,0,,-0.333,negative
200314,Reddit,synthetic,Where Winds Meet,r/WhereWindsMeet,comment,u/Avery_dev,2026-06-14T04:17:00,Anyone know the best early build for a sword-focused playstyle?,community questions,0,20,0,,0.667,positive
200315,Reddit,synthetic,Where Winds Meet,r/WhereWindsMeet,comment,u/Reesexo,2026-06-25T15:50:00,Cosmetic gacha rates are pretty rough for a supposedly free game,monetization concerns,-1,11,0,,-0.333,negative
200316,Reddit,synthetic,Where Winds Meet,r/WhereWindsMeet,comment,u/Quinn_gg,2026-06-16T14:06:00,"Battle pass FOMO is real, missed two weeks and feel behind already",monetization concerns,-1,19,0,,-0.333,negative
200317,Reddit,synthetic,Where Winds Meet,r/WhereWindsMeet,comment,u/Hayden_og,2026-06-28T10:28:00,Is the story worth following closely or mostly just an excuse for combat?,comparisons,0,22,0,,0.333,positive
200318,Reddit,synthetic,Where Winds Meet,r/WhereWindsMeet,comment,u/Riley22,2026-07-18T06:30:00,Genuinely surprised by how much content is here for a free-to-play title,praise,1,85,0,,0.0,neutral
200319,Reddit,synthetic,Where Winds Meet,r/WhereWindsMeet,comment,u/Skyler22,2026-07-14T15:36:00,Login server crashed twice this week during the event,server queue/launch issues,-1,33,0,,-0.333,negative
200320,Reddit,synthetic,Where Winds Meet,r/WhereWindsMeet,comment,u/Riley_vibes,2026-07-10T06:37:00,Login server crashed twice this week during the event,server queue/launch issues,-1,71,0,,-0.333,negative
200321,Reddit,synthetic,Where Winds Meet,r/WhereWindsMeet,comment,u/Quinn_og,2026-07-03T22:13:00,Anyone know the best early build for a sword-focused playstyle?,community questions,0,29,0,,0.667,positive
200322,Reddit,synthetic,Where Winds Meet,r/WhereWindsMeet,comment,u/Morgan_vibes,2026-07-24T13:43:00,Genuinely surprised by how much content is here for a free-to-play title,praise,1,132,0,,0.0,neutral
200323,Reddit,synthetic,Where Winds Meet,r/WhereWindsMeet,comment,u/Kai_dev,2026-06-26T12:04:00,Queue times at peak hours are still 20+ minutes on my server,server queue/launch issues,-1,59,0,,0.0,neutral
200324,Reddit,synthetic,Where Winds Meet,r/WhereWindsMeet,comment,u/Jordan07,2026-07-29T22:26:00,What's the fastest way to level reputation with the current faction event?,community questions,0,35,0,,0.0,neutral
200325,Reddit,synthetic,Where Winds Meet,r/WhereWindsMeet,comment,u/Jordan88,2026-06-25T05:41:00,Queue times at peak hours are still 20+ minutes on my server,server queue/launch issues,-1,80,0,,0.0,neutral
200326,Reddit,synthetic,Where Winds Meet,r/WhereWindsMeet,comment,u/Caseyxo,2026-06-25T13:06:00,"The activities outside combat (cooking, fishing, sightseeing) add so much charm",praise,1,7,0,,0.333,positive
200327,Reddit,synthetic,Where Winds Meet,r/WhereWindsMeet,comment,u/Emerson_x,2026-06-29T14:49:00,Cosmetic gacha rates are pretty rough for a supposedly free game,monetization concerns,-1,88,0,,-0.333,negative
200328,Reddit,synthetic,Where Winds Meet,r/WhereWindsMeet,comment,u/Casey_og,2026-06-23T09:26:00,Anyone know the best early build for a sword-focused playstyle?,community questions,0,6,0,,0.667,positive
200329,Reddit,synthetic,Where Winds Meet,r/WhereWindsMeet,comment,u/Ellis99,2026-06-24T16:30:00,Genuinely surprised by how much content is here for a free-to-play title,praise,1,94,0,,0.0,neutral
200330,Reddit,synthetic,Where Winds Meet,r/WhereWindsMeet,comment,u/Casey_vibes,2026-06-23T00:54:00,Is the story worth following closely or mostly just an excuse for combat?,comparisons,0,22,0,,0.333,positive
200331,Discord,synthetic,Where Winds Meet,Where Winds Meet Community,message,Hayden_dev,2026-07-09T05:21:00,Genuinely surprised by how much content is here for a free-to-play title,praise,1,17,0,,0.0,neutral
200332,Discord,synthetic,Where Winds Meet,Where Winds Meet Community,message,Blair_gg,2026-06-15T20:42:00,"Battle pass FOMO is real, missed two weeks and feel behind already",monetization concerns,-1,13,0,,-0.333,negative
200333,Discord,synthetic,Where Winds Meet,Where Winds Meet Community,message,Taylor_plays,2026-07-01T12:00:00,Genuinely surprised by how much content is here for a free-to-play title,praise,1,22,0,,0.0,neutral
200334,Discord,synthetic,Where Winds Meet,Where Winds Meet Community,message,Skyler_plays,2026-07-25T17:11:00,Queue times at peak hours are still 20+ minutes on my server,server queue/launch issues,-1,11,0,,0.0,neutral
200335,Discord,synthetic,Where Winds Meet,Where Winds Meet Community,message,Kai22,2026-07-07T20:20:00,How does this compare to Wukong difficulty-wise for anyone who's played both?,comparisons,0,6,0,,0.0,neutral
200336,Discord,synthetic,Where Winds Meet,Where Winds Meet Community,message,Kai88,2026-07-13T05:52:00,Anyone know the best early build for a sword-focused playstyle?,community questions,0,4,0,,0.667,positive
200337,Discord,synthetic,Where Winds Meet,Where Winds Meet Community,message,Morgan_lol,2026-06-23T05:23:00,"The open world design is stunning, best wuxia setting I've played in years",open world praise,1,22,0,,1.0,positive
200338,Discord,synthetic,Where Winds Meet,Where Winds Meet Community,message,Ellis_vibes,2026-07-10T12:27:00,Is the story worth following closely or mostly just an excuse for combat?,comparisons,0,2,0,,0.333,positive
200339,Discord,synthetic,Where Winds Meet,Where Winds Meet Community,message,Skyler_og,2026-07-05T09:08:00,Anyone know the best early build for a sword-focused playstyle?,community questions,0,2,0,,0.667,positive
200340,Discord,synthetic,Where Winds Meet,Where Winds Meet Community,message,Blair_lol,2026-06-04T15:08:00,How does this compare to Wukong difficulty-wise for anyone who's played both?,comparisons,0,3,0,,0.0,neutral
200341,Discord,synthetic,Where Winds Meet,Where Winds Meet Community,message,EllisTTV,2026-07-05T13:45:00,What's the fastest way to level reputation with the current faction event?,community questions,0,7,0,,0.0,neutral
200342,Discord,synthetic,Where Winds Meet,Where Winds Meet Community,message,Drew_lol,2026-06-18T09:02:00,"The open world design is stunning, best wuxia setting I've played in years",open world praise,1,8,0,,1.0,positive
200343,Discord,synthetic,Where Winds Meet,Where Winds Meet Community,message,Ellis_lol,2026-07-10T23:49:00,Queue times at peak hours are still 20+ minutes on my server,server queue/launch issues,-1,24,0,,0.0,neutral
200344,Discord,synthetic,Where Winds Meet,Where Winds Meet Community,message,Sage_og,2026-06-21T17:52:00,Anyone know the best early build for a sword-focused playstyle?,community questions,0,5,0,,0.667,positive
200345,Discord,synthetic,Where Winds Meet,Where Winds Meet Community,message,Drewxo,2026-07-01T03:47:00,"Combat feels like a genuine mix of Sekiro and Wukong, really well done",open world praise,1,20,0,,0.333,positive
200346,Discord,synthetic,Where Winds Meet,Where Winds Meet Community,message,Drew_plays,2026-06-09T14:55:00,"Combat feels like a genuine mix of Sekiro and Wukong, really well done",open world praise,1,3,0,,0.333,positive
200347,Discord,synthetic,Where Winds Meet,Where Winds Meet Community,message,KaiTTV,2026-07-13T20:27:00,"The activities outside combat (cooking, fishing, sightseeing) add so much charm",praise,1,5,0,,0.333,positive
200348,Discord,synthetic,Where Winds Meet,Where Winds Meet Community,message,Kai_lol,2026-07-10T11:34:00,Cosmetic gacha rates are pretty rough for a supposedly free game,monetization concerns,-1,8,0,,-0.333,negative
200349,Discord,synthetic,Where Winds Meet,Where Winds Meet Community,message,Finley_vibes,2026-06-22T09:36:00,"Battle pass FOMO is real, missed two weeks and feel behind already",monetization concerns,-1,8,0,,-0.333,negative
200350,Discord,synthetic,Where Winds Meet,Where Winds Meet Community,message,Avery_og,2026-07-24T13:58:00,"The open world design is stunning, best wuxia setting I've played in years",open world praise,1,1,0,,1.0,positive
200351,Discord,synthetic,Where Winds Meet,Where Winds Meet Community,message,Skyler_og,2026-06-12T07:09:00,Genuinely surprised by how much content is here for a free-to-play title,praise,1,22,0,,0.0,neutral
200352,Discord,synthetic,Where Winds Meet,Where Winds Meet Community,message,Hayden22,2026-07-10T20:17:00,"Battle pass FOMO is real, missed two weeks and feel behind already",monetization concerns,-1,20,0,,-0.333,negative
200353,Discord,synthetic,Where Winds Meet,Where Winds Meet Community,message,Avery_x,2026-07-30T02:25:00,How does this compare to Wukong difficulty-wise for anyone who's played both?,comparisons,0,8,0,,0.0,neutral
200354,Discord,synthetic,Where Winds Meet,Where Winds Meet Community,message,Sam_x,2026-06-24T18:00:00,Login server crashed twice this week during the event,server queue/launch issues,-1,24,0,,-0.333,negative
200355,Discord,synthetic,Where Winds Meet,Where Winds Meet Community,message,Hayden_og,2026-07-24T17:25:00,Is the story worth following closely or mostly just an excuse for combat?,comparisons,0,3,0,,0.333,positive
200356,Discord,synthetic,Where Winds Meet,Where Winds Meet Community,message,Emerson_og,2026-06-25T17:36:00,"Battle pass FOMO is real, missed two weeks and feel behind already",monetization concerns,-1,4,0,,-0.333,negative
200357,Discord,synthetic,Where Winds Meet,Where Winds Meet Community,message,Rowan_gg,2026-07-22T01:02:00,Is the story worth following closely or mostly just an excuse for combat?,comparisons,0,1,0,,0.333,positive
200358,Discord,synthetic,Where Winds Meet,Where Winds Meet Community,message,Morgan_vibes,2026-06-04T13:12:00,"The open world design is stunning, best wuxia setting I've played in years",open world praise,1,22,0,,1.0,positive
200359,Discord,synthetic,Where Winds Meet,Where Winds Meet Community,message,Reesexo,2026-07-30T08:05:00,Queue times at peak hours are still 20+ minutes on my server,server queue/launch issues,-1,20,0,,0.0,neutral
200360,Discord,synthetic,Where Winds Meet,Where Winds Meet Community,message,Quinn_x,2026-07-15T05:03:00,"Combat feels like a genuine mix of Sekiro and Wukong, really well done",open world praise,1,12,0,,0.333,positive
200361,Reddit,synthetic,World of Warcraft,r/wow,post,u/Morgan88,2026-07-19T03:00:00,Classic servers still feel better designed than half of retail honestly,nostalgia/nostalgia fatigue,0,59,11,,0.0,neutral
200362,Reddit,synthetic,World of Warcraft,r/wow,post,u/Ellis99,2026-07-26T03:55:00,Classic servers still feel better designed than half of retail honestly,nostalgia/nostalgia fatigue,0,113,29,,0.0,neutral
200363,Reddit,synthetic,World of Warcraft,r/wow,post,u/Morgan_vibes,2026-06-10T10:23:00,Classic servers still feel better designed than half of retail honestly,nostalgia/nostalgia fatigue,0,81,7,,0.0,neutral
200364,Reddit,synthetic,World of Warcraft,r/wow,post,u/Taylor_vibes,2026-07-13T20:10:00,New PvP season balance feels rough for melee specs right now,pvp season,0,117,18,,-0.333,negative
200365,Reddit,synthetic,World of Warcraft,r/wow,post,u/CaseyTTV,2026-07-13T21:28:00,New PvP season balance feels rough for melee specs right now,pvp season,0,60,4,,-0.333,negative
200366,Reddit,synthetic,World of Warcraft,r/wow,post,u/Sam_plays,2026-07-01T10:50:00,"Not sure I'm resubbing this time, the content drought before this expansion was rough",expansion skepticism,-1,81,10,,-0.667,negative
200367,Reddit,synthetic,World of Warcraft,r/wow,post,u/Taylor_lol,2026-07-18T00:54:00,"Story pacing in this patch was surprisingly tight, more of this please",questline/story praise,1,714,223,,0.333,positive
200368,Reddit,synthetic,World of Warcraft,r/wow,post,u/Drew_dev,2026-06-22T20:03:00,The new questline actually had some of the best writing in years,questline/story praise,1,842,268,,0.667,positive
200369,Reddit,synthetic,World of Warcraft,r/wow,post,u/SkylerTTV,2026-06-08T16:56:00,Subscription plus a cash shop plus expansion price feels like a lot to ask,subscription/monetization,-1,16,5,,0.0,neutral
200370,Reddit,synthetic,World of Warcraft,r/wow,post,u/Sam_gg,2026-07-17T05:48:00,"Token prices are getting out of hand, gold farming barely keeps up",subscription/monetization,-1,251,84,,0.0,neutral
200371,Reddit,synthetic,World of Warcraft,r/wow,post,u/Finley07,2026-06-30T12:32:00,The new questline actually had some of the best writing in years,questline/story praise,1,333,79,,0.667,positive
200372,Reddit,synthetic,World of Warcraft,r/wow,post,u/Avery99,2026-06-09T20:34:00,"Token prices are getting out of hand, gold farming barely keeps up",subscription/monetization,-1,285,66,,0.0,neutral
200373,Reddit,synthetic,World of Warcraft,r/wow,post,u/Samxo,2026-06-17T04:34:00,"This class balance pass ruined my spec, no survivability in M+ anymore",class balance,-1,177,29,,-0.667,negative
200374,Reddit,synthetic,World of Warcraft,r/wow,post,u/Hayden99,2026-07-28T07:03:00,Anyone else grinding the new PvP season rewards this week?,pvp season,0,67,5,,0.0,neutral
200375,Reddit,synthetic,World of Warcraft,r/wow,post,u/AlexTTV,2026-07-21T05:07:00,Subscription plus a cash shop plus expansion price feels like a lot to ask,subscription/monetization,-1,16,4,,0.0,neutral
200376,Reddit,synthetic,World of Warcraft,r/wow,post,u/Avery_x,2026-07-24T23:16:00,"Token prices are getting out of hand, gold farming barely keeps up",subscription/monetization,-1,95,15,,0.0,neutral
200377,Reddit,synthetic,World of Warcraft,r/wow,post,u/Sam_dev,2026-07-04T02:16:00,"Midnight trailer didn't hype me at all, feels like more of the same systems",expansion skepticism,-1,374,128,,0.333,positive
200378,Reddit,synthetic,World of Warcraft,r/wow,post,u/Emerson_vibes,2026-06-14T11:10:00,"Token prices are getting out of hand, gold farming barely keeps up",subscription/monetization,-1,140,39,,0.0,neutral
200379,Reddit,synthetic,World of Warcraft,r/wow,post,u/BlairTTV,2026-06-30T00:15:00,New PvP season balance feels rough for melee specs right now,pvp season,0,16,3,,-0.333,negative
200380,Reddit,synthetic,World of Warcraft,r/wow,post,u/Drew22,2026-07-19T23:41:00,Twenty years in and the game still scratches the itch for me somehow,nostalgia/nostalgia fatigue,0,112,13,,0.0,neutral
200381,Reddit,synthetic,World of Warcraft,r/wow,post,u/Riley_plays,2026-07-02T03:32:00,Anyone else grinding the new PvP season rewards this week?,pvp season,0,177,56,,0.0,neutral
200382,Reddit,synthetic,World of Warcraft,r/wow,post,u/Quinn_yt,2026-06-08T14:55:00,The new questline actually had some of the best writing in years,questline/story praise,1,329,92,,0.667,positive
200383,Reddit,synthetic,World of Warcraft,r/wow,post,u/Reese88,2026-07-04T09:47:00,"Not sure I'm resubbing this time, the content drought before this expansion was rough",expansion skepticism,-1,328,40,,-0.667,negative
200384,Reddit,synthetic,World of Warcraft,r/wow,post,u/Alex_plays,2026-07-08T07:09:00,Subscription plus a cash shop plus expansion price feels like a lot to ask,subscription/monetization,-1,13,4,,0.0,neutral
200385,Reddit,synthetic,World of Warcraft,r/wow,post,u/Blair_og,2026-07-18T00:21:00,"Story pacing in this patch was surprisingly tight, more of this please",questline/story praise,1,41,11,,0.333,positive
200386,Reddit,synthetic,World of Warcraft,r/wow,post,u/Morgan_x,2026-07-01T13:31:00,Anyone else grinding the new PvP season rewards this week?,pvp season,0,20,6,,0.0,neutral
200387,Reddit,synthetic,World of Warcraft,r/wow,post,u/Sam88,2026-07-04T13:44:00,"This class balance pass ruined my spec, no survivability in M+ anymore",class balance,-1,468,75,,-0.667,negative
200388,Reddit,synthetic,World of Warcraft,r/wow,comment,u/Jordan22,2026-06-29T02:37:00,The new questline actually had some of the best writing in years,questline/story praise,1,150,0,,0.667,positive
200389,Reddit,synthetic,World of Warcraft,r/wow,comment,u/Skyler_dev,2026-07-02T12:44:00,New PvP season balance feels rough for melee specs right now,pvp season,0,21,0,,-0.333,negative
200390,Reddit,synthetic,World of Warcraft,r/wow,comment,u/Riley_dev,2026-07-04T03:09:00,"This class balance pass ruined my spec, no survivability in M+ anymore",class balance,-1,15,0,,-0.667,negative
200391,Reddit,synthetic,World of Warcraft,r/wow,comment,u/Rowanxo,2026-07-08T11:49:00,"Token prices are getting out of hand, gold farming barely keeps up",subscription/monetization,-1,28,0,,0.0,neutral
200392,Reddit,synthetic,World of Warcraft,r/wow,comment,u/Quinn_og,2026-06-09T05:51:00,"Token prices are getting out of hand, gold farming barely keeps up",subscription/monetization,-1,89,0,,0.0,neutral
200393,Reddit,synthetic,World of Warcraft,r/wow,comment,u/Reese22,2026-06-13T02:45:00,New PvP season balance feels rough for melee specs right now,pvp season,0,16,0,,-0.333,negative
200394,Reddit,synthetic,World of Warcraft,r/wow,comment,u/Rowan_lol,2026-06-20T05:01:00,The new questline actually had some of the best writing in years,questline/story praise,1,108,0,,0.667,positive
200395,Reddit,synthetic,World of Warcraft,r/wow,comment,u/DrewTTV,2026-07-01T03:00:00,New PvP season balance feels rough for melee specs right now,pvp season,0,4,0,,-0.333,negative
200396,Reddit,synthetic,World of Warcraft,r/wow,comment,u/Emersonxo,2026-07-14T20:05:00,Classic servers still feel better designed than half of retail honestly,nostalgia/nostalgia fatigue,0,38,0,,0.0,neutral
200397,Reddit,synthetic,World of Warcraft,r/wow,comment,u/Sam_og,2026-06-16T20:28:00,"Midnight trailer didn't hype me at all, feels like more of the same systems",expansion skepticism,-1,18,0,,0.333,positive
200398,Reddit,synthetic,World of Warcraft,r/wow,comment,u/Ellis_gg,2026-07-01T18:27:00,"This class balance pass ruined my spec, no survivability in M+ anymore",class balance,-1,52,0,,-0.667,negative
200399,Reddit,synthetic,World of Warcraft,r/wow,comment,u/Morgan_gg,2026-07-01T08:17:00,"Token prices are getting out of hand, gold farming barely keeps up",subscription/monetization,-1,59,0,,0.0,neutral
200400,Reddit,synthetic,World of Warcraft,r/wow,comment,u/Ellis_gg,2026-07-05T13:56:00,The new questline actually had some of the best writing in years,questline/story praise,1,145,0,,0.667,positive
200401,Reddit,synthetic,World of Warcraft,r/wow,comment,u/Drew_vibes,2026-06-30T06:41:00,"Not sure I'm resubbing this time, the content drought before this expansion was rough",expansion skepticism,-1,69,0,,-0.667,negative
200402,Reddit,synthetic,World of Warcraft,r/wow,comment,u/Sage07,2026-07-24T22:22:00,The new questline actually had some of the best writing in years,questline/story praise,1,127,0,,0.667,positive
200403,Reddit,synthetic,World of Warcraft,r/wow,comment,u/Riley_gg,2026-07-06T10:24:00,"Token prices are getting out of hand, gold farming barely keeps up",subscription/monetization,-1,36,0,,0.0,neutral
200404,Reddit,synthetic,World of Warcraft,r/wow,comment,u/Finley_yt,2026-06-21T01:51:00,"This class balance pass ruined my spec, no survivability in M+ anymore",class balance,-1,62,0,,-0.667,negative
200405,Reddit,synthetic,World of Warcraft,r/wow,comment,u/Avery_lol,2026-06-10T07:42:00,The new questline actually had some of the best writing in years,questline/story praise,1,66,0,,0.667,positive
200406,Reddit,synthetic,World of Warcraft,r/wow,comment,u/Reese_og,2026-06-18T18:54:00,New PvP season balance feels rough for melee specs right now,pvp season,0,25,0,,-0.333,negative
200407,Reddit,synthetic,World of Warcraft,r/wow,comment,u/Emerson88,2026-07-02T18:01:00,Twenty years in and the game still scratches the itch for me somehow,nostalgia/nostalgia fatigue,0,23,0,,0.0,neutral
200408,Reddit,synthetic,World of Warcraft,r/wow,comment,u/Riley_dev,2026-07-25T15:34:00,Twenty years in and the game still scratches the itch for me somehow,nostalgia/nostalgia fatigue,0,20,0,,0.0,neutral
200409,Reddit,synthetic,World of Warcraft,r/wow,comment,u/Skyler88,2026-06-05T16:30:00,"Midnight trailer didn't hype me at all, feels like more of the same systems",expansion skepticism,-1,2,0,,0.333,positive
200410,Reddit,synthetic,World of Warcraft,r/wow,comment,u/Emerson_x,2026-07-02T01:01:00,Twenty years in and the game still scratches the itch for me somehow,nostalgia/nostalgia fatigue,0,10,0,,0.0,neutral
200411,Reddit,synthetic,World of Warcraft,r/wow,comment,u/Blair88,2026-07-29T11:04:00,Twenty years in and the game still scratches the itch for me somehow,nostalgia/nostalgia fatigue,0,24,0,,0.0,neutral
200412,Reddit,synthetic,World of Warcraft,r/wow,comment,u/Ellis_vibes,2026-07-01T23:27:00,"Not sure I'm resubbing this time, the content drought before this expansion was rough",expansion skepticism,-1,83,0,,-0.667,negative
200413,Reddit,synthetic,World of Warcraft,r/wow,comment,u/Reese_plays,2026-07-09T22:56:00,"This class balance pass ruined my spec, no survivability in M+ anymore",class balance,-1,80,0,,-0.667,negative
200414,Reddit,synthetic,World of Warcraft,r/wow,comment,u/Riley_x,2026-07-20T22:18:00,New PvP season balance feels rough for melee specs right now,pvp season,0,9,0,,-0.333,negative
200415,Reddit,synthetic,World of Warcraft,r/wow,comment,u/Kai_yt,2026-07-23T18:02:00,"Not sure I'm resubbing this time, the content drought before this expansion was rough",expansion skepticism,-1,25,0,,-0.667,negative
200416,Reddit,synthetic,World of Warcraft,r/wow,comment,u/Sam_plays,2026-06-10T15:09:00,The new questline actually had some of the best writing in years,questline/story praise,1,89,0,,0.667,positive
200417,Reddit,synthetic,World of Warcraft,r/wow,comment,u/Skyler_dev,2026-06-09T22:42:00,Tank changes this patch have made tanking in high keys miserable,class balance,-1,83,0,,-0.667,negative
200418,Reddit,synthetic,World of Warcraft,r/wow,comment,u/Alex_gg,2026-06-26T08:50:00,"Not sure I'm resubbing this time, the content drought before this expansion was rough",expansion skepticism,-1,15,0,,-0.667,negative
200419,Discord,synthetic,World of Warcraft,WoW Community Hub,message,Reese_lol,2026-07-30T13:31:00,"Token prices are getting out of hand, gold farming barely keeps up",subscription/monetization,-1,12,0,,0.0,neutral
200420,Discord,synthetic,World of Warcraft,WoW Community Hub,message,DrewTTV,2026-07-24T18:41:00,Subscription plus a cash shop plus expansion price feels like a lot to ask,subscription/monetization,-1,24,0,,0.0,neutral
200421,Discord,synthetic,World of Warcraft,WoW Community Hub,message,Avery99,2026-06-06T09:01:00,Subscription plus a cash shop plus expansion price feels like a lot to ask,subscription/monetization,-1,10,0,,0.0,neutral
200422,Discord,synthetic,World of Warcraft,WoW Community Hub,message,Skyler88,2026-06-30T17:57:00,"Not sure I'm resubbing this time, the content drought before this expansion was rough",expansion skepticism,-1,2,0,,-0.667,negative
200423,Discord,synthetic,World of Warcraft,WoW Community Hub,message,HaydenTTV,2026-07-01T20:10:00,"Story pacing in this patch was surprisingly tight, more of this please",questline/story praise,1,19,0,,0.333,positive
200424,Discord,synthetic,World of Warcraft,WoW Community Hub,message,Sagexo,2026-06-30T22:35:00,"Midnight trailer didn't hype me at all, feels like more of the same systems",expansion skepticism,-1,23,0,,0.333,positive
200425,Discord,synthetic,World of Warcraft,WoW Community Hub,message,Morgan_gg,2026-07-03T18:35:00,Anyone else grinding the new PvP season rewards this week?,pvp season,0,7,0,,0.0,neutral
200426,Discord,synthetic,World of Warcraft,WoW Community Hub,message,Ellis_plays,2026-06-22T21:40:00,"This class balance pass ruined my spec, no survivability in M+ anymore",class balance,-1,19,0,,-0.667,negative
200427,Discord,synthetic,World of Warcraft,WoW Community Hub,message,Quinn07,2026-06-09T15:54:00,"Midnight trailer didn't hype me at all, feels like more of the same systems",expansion skepticism,-1,3,0,,0.333,positive
200428,Discord,synthetic,World of Warcraft,WoW Community Hub,message,Sage22,2026-07-16T08:05:00,"Token prices are getting out of hand, gold farming barely keeps up",subscription/monetization,-1,20,0,,0.0,neutral
200429,Discord,synthetic,World of Warcraft,WoW Community Hub,message,Avery_dev,2026-06-27T05:28:00,Classic servers still feel better designed than half of retail honestly,nostalgia/nostalgia fatigue,0,0,0,,0.0,neutral
200430,Discord,synthetic,World of Warcraft,WoW Community Hub,message,Casey99,2026-06-30T04:48:00,"Token prices are getting out of hand, gold farming barely keeps up",subscription/monetization,-1,22,0,,0.0,neutral
200431,Discord,synthetic,World of Warcraft,WoW Community Hub,message,Jordan_og,2026-06-30T18:14:00,Anyone else grinding the new PvP season rewards this week?,pvp season,0,8,0,,0.0,neutral
200432,Discord,synthetic,World of Warcraft,WoW Community Hub,message,Ellisxo,2026-07-17T15:36:00,"Token prices are getting out of hand, gold farming barely keeps up",subscription/monetization,-1,7,0,,0.0,neutral
200433,Discord,synthetic,World of Warcraft,WoW Community Hub,message,Finley07,2026-07-19T01:32:00,"Not sure I'm resubbing this time, the content drought before this expansion was rough",expansion skepticism,-1,18,0,,-0.667,negative
200434,Discord,synthetic,World of Warcraft,WoW Community Hub,message,TaylorTTV,2026-06-15T05:13:00,The new questline actually had some of the best writing in years,questline/story praise,1,25,0,,0.667,positive
200435,Discord,synthetic,World of Warcraft,WoW Community Hub,message,Avery_yt,2026-06-16T20:09:00,"Not sure I'm resubbing this time, the content drought before this expansion was rough",expansion skepticism,-1,19,0,,-0.667,negative
200436,Discord,synthetic,World of Warcraft,WoW Community Hub,message,Finley_dev,2026-07-09T10:54:00,New PvP season balance feels rough for melee specs right now,pvp season,0,4,0,,-0.333,negative
200437,Discord,synthetic,World of Warcraft,WoW Community Hub,message,Casey99,2026-07-04T18:37:00,"Not sure I'm resubbing this time, the content drought before this expansion was rough",expansion skepticism,-1,24,0,,-0.667,negative
200438,Discord,synthetic,World of Warcraft,WoW Community Hub,message,Haydenxo,2026-07-29T17:56:00,The new questline actually had some of the best writing in years,questline/story praise,1,11,0,,0.667,positive
200439,Discord,synthetic,World of Warcraft,WoW Community Hub,message,BlairTTV,2026-07-04T01:11:00,"Token prices are getting out of hand, gold farming barely keeps up",subscription/monetization,-1,8,0,,0.0,neutral
200440,Discord,synthetic,World of Warcraft,WoW Community Hub,message,Ellisxo,2026-06-25T22:15:00,"Story pacing in this patch was surprisingly tight, more of this please",questline/story praise,1,1,0,,0.333,positive
200441,Discord,synthetic,World of Warcraft,WoW Community Hub,message,Casey_og,2026-06-23T08:53:00,"This class balance pass ruined my spec, no survivability in M+ anymore",class balance,-1,15,0,,-0.667,negative
200442,Discord,synthetic,World of Warcraft,WoW Community Hub,message,Kai_vibes,2026-07-23T10:17:00,Twenty years in and the game still scratches the itch for me somehow,nostalgia/nostalgia fatigue,0,6,0,,0.0,neutral
200443,Discord,synthetic,World of Warcraft,WoW Community Hub,message,Finley_og,2026-07-26T13:47:00,"Midnight trailer didn't hype me at all, feels like more of the same systems",expansion skepticism,-1,15,0,,0.333,positive
200444,Discord,synthetic,World of Warcraft,WoW Community Hub,message,Finley22,2026-06-14T02:19:00,"This class balance pass ruined my spec, no survivability in M+ anymore",class balance,-1,22,0,,-0.667,negative
200445,Discord,synthetic,World of Warcraft,WoW Community Hub,message,Rowan_gg,2026-06-16T01:15:00,Twenty years in and the game still scratches the itch for me somehow,nostalgia/nostalgia fatigue,0,0,0,,0.0,neutral
200446,Discord,synthetic,World of Warcraft,WoW Community Hub,message,Alex_plays,2026-07-06T12:40:00,"This class balance pass ruined my spec, no survivability in M+ anymore",class balance,-1,3,0,,-0.667,negative
200447,Discord,synthetic,World of Warcraft,WoW Community Hub,message,Reese_yt,2026-06-15T15:37:00,Tank changes this patch have made tanking in high keys miserable,class balance,-1,17,0,,-0.667,negative
200448,Discord,synthetic,World of Warcraft,WoW Community Hub,message,Blair_gg,2026-07-18T02:18:00,Classic servers still feel better designed than half of retail honestly,nostalgia/nostalgia fatigue,0,0,0,,0.0,neutral
200449,Discord,synthetic,World of Warcraft,WoW Community Hub,message,Avery_vibes,2026-07-15T07:43:00,Twenty years in and the game still scratches the itch for me somehow,nostalgia/nostalgia fatigue,0,3,0,,0.0,neutral
200450,Discord,synthetic,World of Warcraft,WoW Community Hub,message,Morgan_vibes,2026-07-23T21:00:00,Subscription plus a cash shop plus expansion price feels like a lot to ask,subscription/monetization,-1,15,0,,0.0,neutral
200451,Discord,synthetic,World of Warcraft,WoW Community Hub,message,Hayden22,2026-06-23T22:45:00,Twenty years in and the game still scratches the itch for me somehow,nostalgia/nostalgia fatigue,0,4,0,,0.0,neutral
200452,Discord,synthetic,World of Warcraft,WoW Community Hub,message,Casey_gg,2026-07-04T19:25:00,Tank changes this patch have made tanking in high keys miserable,class balance,-1,18,0,,-0.667,negative
